,Season,DayNum,WTeamID,WScore,LTeamID,LScore,WLoc,NumOT,WSeed,LSeed,Round
0,1985,136,1116,63,1234,54,N,0,X09,X08,1
1,1985,136,1120,59,1345,58,N,0,Z11,Z06,1
2,1985,136,1207,68,1250,43,N,0,W01,W16,1
3,1985,136,1229,58,1425,55,N,0,Y09,Y08,1
4,1985,136,1242,49,1325,38,N,0,Z03,Z14,1
5,1985,136,1246,66,1449,58,N,0,X12,X05,1
6,1985,136,1256,78,1338,54,N,0,Y05,Y12,1
7,1985,136,1260,59,1233,58,N,0,W04,W13,1
8,1985,136,1314,76,1292,57,N,0,Z02,Z15,1
9,1985,136,1323,79,1333,70,N,0,Z07,Z10,1
10,1985,136,1326,75,1235,64,N,0,Y04,Y13,1
11,1985,136,1328,96,1299,83,N,0,Y01,Y16,1
12,1985,136,1374,85,1330,68,N,0,W05,W12,1
13,1985,136,1385,83,1380,59,N,0,X01,X16,1
14,1985,136,1396,60,1439,57,N,0,W08,W09,1
15,1985,136,1424,85,1361,80,N,0,X04,X13,1
16,1985,137,1104,50,1112,41,N,0,X07,X10,1
17,1985,137,1130,55,1403,53,N,0,Y11,Y06,1
18,1985,137,1181,75,1337,62,N,0,Y03,Y14,1
19,1985,137,1208,67,1455,59,N,0,W06,W11,1
20,1985,137,1210,65,1273,58,N,0,W02,W15,1
21,1985,137,1228,76,1318,57,N,0,W03,W14,1
22,1985,137,1268,69,1275,68,N,1,Z05,Z12,1
23,1985,137,1272,67,1335,55,N,0,Y02,Y15,1
24,1985,137,1276,59,1192,55,N,0,Z01,Z16,1
25,1985,137,1298,78,1261,55,N,0,Z13,Z04,1
26,1985,137,1301,65,1305,56,N,0,X03,X14,1
27,1985,137,1393,70,1177,65,N,0,W07,W10,1
28,1985,137,1412,70,1277,68,N,0,Y07,Y10,1
29,1985,137,1431,79,1409,75,N,0,X11,X06,1
30,1985,137,1433,81,1267,65,N,0,X02,X15,1
31,1985,137,1437,51,1173,49,N,0,Z08,Z09,1
32,1985,138,1120,66,1242,64,N,0,Z11,Z03,2
33,1985,138,1207,63,1396,46,N,0,W01,W08,2
34,1985,138,1246,64,1424,61,N,0,X12,X04,2
35,1985,138,1256,79,1326,67,N,0,Y05,Y04,2
36,1985,138,1260,70,1374,57,N,0,W04,W05,2
37,1985,138,1314,60,1323,58,N,0,Z02,Z07,2
38,1985,138,1328,75,1229,69,N,0,Y01,Y09,2
39,1985,138,1385,68,1116,65,N,0,X01,X09,2
40,1985,139,1104,63,1433,59,N,0,X07,X02,2
41,1985,139,1130,74,1181,73,N,0,Y11,Y03,2
42,1985,139,1210,70,1393,53,N,0,W02,W07,2
43,1985,139,1228,74,1208,58,N,0,W03,W06,2
44,1985,139,1268,64,1298,59,N,0,Z05,Z13,2
45,1985,139,1272,67,1412,66,N,1,Y02,Y07,2
46,1985,139,1301,86,1431,73,N,0,X03,X11,2
47,1985,139,1437,59,1276,55,N,0,Z08,Z01,2
48,1985,143,1207,65,1260,53,N,0,W01,W04,3
49,1985,143,1210,61,1228,53,N,0,W02,W03,3
50,1985,143,1272,59,1130,57,N,0,Y02,Y11,3
51,1985,143,1328,86,1256,84,N,1,Y01,Y05,3
52,1985,144,1301,61,1104,55,N,0,X03,X07,3
53,1985,144,1314,62,1120,56,N,0,Z02,Z11,3
54,1985,144,1385,86,1246,70,N,0,X01,X12,3
55,1985,144,1437,46,1268,43,N,0,Z08,Z05,3
56,1985,145,1207,60,1210,54,N,0,W01,W02,4
57,1985,145,1272,63,1328,61,N,0,Y02,Y01,4
58,1985,146,1385,69,1301,60,N,0,X01,X03,4
59,1985,146,1437,56,1314,44,N,0,Z08,Z02,4
60,1985,152,1207,77,1385,59,N,0,W01,X01,5
61,1985,152,1437,52,1272,45,N,0,Z08,Y02,5
62,1985,154,1437,66,1207,64,N,0,Z08,W01,6
63,1986,136,1133,83,1431,65,N,0,Z07,Z10,1
64,1986,136,1177,72,1438,68,N,0,W12,W05,1
65,1986,136,1181,85,1290,78,N,0,W01,W16,1
66,1986,136,1207,70,1403,64,N,0,X04,X13,1
67,1986,136,1210,68,1265,53,N,0,Y02,Y15,1
68,1986,136,1242,71,1299,46,N,0,X01,X16,1
69,1986,136,1257,93,1180,73,N,0,Z02,Z15,1
70,1986,136,1261,94,1345,87,N,1,Y11,Y06,1
71,1986,136,1272,95,1123,63,N,0,Y03,Y14,1
72,1986,136,1277,72,1449,70,N,0,X05,X12,1
73,1986,136,1314,84,1428,72,N,0,Z03,Z14,1
74,1986,136,1328,80,1318,74,N,0,W04,W13,1
75,1986,136,1330,72,1452,64,N,0,W08,W09,1
76,1986,136,1396,61,1239,50,N,1,X09,X08,1
77,1986,136,1412,66,1281,64,N,0,Z06,Z11,1
78,1986,136,1437,71,1439,62,N,0,Y10,Y07,1
79,1986,137,1104,97,1462,80,N,0,Y05,Y12,1
80,1986,137,1114,90,1323,83,N,0,X14,X03,1
81,1986,137,1120,73,1112,63,N,0,Z08,Z09,1
82,1986,137,1156,83,1231,79,N,0,W14,W03,1
83,1986,137,1228,75,1193,51,N,0,Y04,Y13,1
84,1986,137,1235,81,1275,79,N,1,X07,X10,1
85,1986,137,1246,75,1172,55,N,0,Y01,Y16,1
86,1986,137,1268,69,1337,64,N,0,Z05,Z12,1
87,1986,137,1276,70,1103,64,N,0,X02,X15,1
88,1986,137,1298,87,1409,68,N,0,W07,W10,1
89,1986,137,1301,66,1234,64,N,0,X06,X11,1
90,1986,137,1385,83,1286,74,N,0,Z01,Z16,1
91,1986,137,1386,60,1350,59,N,0,W06,W11,1
92,1986,137,1393,101,1135,52,N,0,W02,W15,1
93,1986,137,1424,74,1419,51,N,0,Z04,Z13,1
94,1986,137,1443,67,1304,59,N,0,Y08,Y09,1
95,1986,138,1177,74,1328,69,N,0,W12,W04,2
96,1986,138,1181,89,1330,61,N,0,W01,W08,2
97,1986,138,1210,66,1437,61,N,0,Y02,Y10,2
98,1986,138,1242,65,1396,43,N,0,X01,X09,2
99,1986,138,1257,82,1133,68,N,0,Z02,Z07,2
100,1986,138,1261,83,1272,81,N,0,Y11,Y03,2
101,1986,138,1277,80,1207,68,N,0,X05,X04,2
102,1986,138,1314,77,1412,59,N,0,Z03,Z06,2
103,1986,139,1104,58,1228,56,N,0,Y05,Y04,2
104,1986,139,1120,81,1385,65,N,0,Z08,Z01,2
105,1986,139,1156,75,1386,69,N,0,W14,W06,2
106,1986,139,1235,72,1276,69,N,0,X07,X02,2
107,1986,139,1246,71,1443,64,N,0,Y01,Y08,2
108,1986,139,1298,97,1393,85,N,0,W07,W02,2
109,1986,139,1301,80,1114,66,N,1,X06,X14,2
110,1986,139,1424,70,1268,64,N,0,Z04,Z05,2
111,1986,143,1120,70,1424,63,N,0,Z08,Z04,3
112,1986,143,1246,68,1104,63,N,0,Y01,Y05,3
113,1986,143,1257,94,1314,79,N,0,Z02,Z03,3
114,1986,143,1261,70,1210,64,N,0,Y11,Y02,3
115,1986,144,1181,74,1177,67,N,0,W01,W12,3
116,1986,144,1242,96,1277,86,N,1,X01,X05,3
117,1986,144,1298,71,1156,70,N,0,W07,W14,3
118,1986,144,1301,70,1235,66,N,0,X06,X07,3
119,1986,145,1257,84,1120,76,N,0,Z02,Z08,4
120,1986,145,1261,59,1246,57,N,0,Y11,Y01,4
121,1986,146,1181,71,1298,50,N,0,W01,W07,4
122,1986,146,1242,75,1301,67,N,0,X01,X06,4
123,1986,152,1181,71,1242,67,N,0,W01,X01,5
124,1986,152,1257,88,1261,77,N,0,Z02,Y11,5
125,1986,154,1257,72,1181,69,N,0,Z02,W01,6
126,1987,136,1104,88,1299,71,N,0,X02,X15,1
127,1987,136,1120,62,1360,61,N,0,Y08,Y09,1
128,1987,136,1122,68,1228,67,N,0,X14,X03,1
129,1987,136,1181,58,1401,51,N,0,Y05,Y12,1
130,1987,136,1231,92,1193,58,N,0,Y01,Y16,1
131,1987,136,1243,82,1208,79,N,1,Z09,Z08,1
132,1987,136,1276,97,1298,82,N,0,W09,W08,1
133,1987,136,1309,83,1140,79,N,0,X07,X10,1
134,1987,136,1314,113,1335,82,N,0,W01,W16,1
135,1987,136,1323,84,1292,71,N,0,W05,W12,1
136,1987,136,1344,90,1412,68,N,0,X06,X11,1
137,1987,136,1395,76,1267,60,N,0,W04,W13,1
138,1987,136,1417,92,1141,73,N,0,Z04,Z13,1
139,1987,136,1424,95,1226,70,N,0,Z01,Z16,1
140,1987,136,1461,64,1438,60,N,0,Z12,Z05,1
141,1987,136,1462,70,1281,69,N,0,Y13,Y04,1
142,1987,137,1177,76,1256,62,N,0,Y03,Y14,1
143,1987,137,1196,82,1301,70,N,0,W06,W11,1
144,1987,137,1207,75,1137,53,N,0,X01,X16,1
145,1987,137,1234,99,1365,76,N,0,Z02,Z15,1
146,1987,137,1242,66,1222,55,N,0,X05,X12,1
147,1987,137,1261,85,1210,79,N,0,Y10,Y07,1
148,1987,137,1283,65,1155,60,N,0,X13,X04,1
149,1987,137,1326,91,1246,77,N,0,X09,X08,1
150,1987,137,1328,74,1409,69,N,0,Z06,Z11,1
151,1987,137,1338,93,1265,68,N,0,Z03,Z14,1
152,1987,137,1345,104,1318,95,N,0,W03,W14,1
153,1987,137,1385,57,1455,55,N,0,Y06,Y11,1
154,1987,137,1393,79,1204,73,N,0,W02,W15,1
155,1987,137,1396,75,1380,56,N,0,Y02,Y15,1
156,1987,137,1431,98,1112,91,N,1,Z07,Z10,1
157,1987,137,1443,64,1452,62,N,0,W10,W07,1
158,1987,138,1104,101,1309,76,N,0,X02,X07,2
159,1987,138,1181,65,1462,60,N,0,Y05,Y13,2
160,1987,138,1231,107,1120,90,N,0,Y01,Y08,2
161,1987,138,1314,109,1276,97,N,0,W01,W09,2
162,1987,138,1323,58,1395,57,N,0,W05,W04,2
163,1987,138,1344,90,1122,87,N,1,X06,X14,2
164,1987,138,1424,80,1243,61,N,0,Z01,Z09,2
165,1987,138,1461,78,1417,68,N,0,Z12,Z04,2
166,1987,139,1177,83,1385,75,N,1,Y03,Y06,2
167,1987,139,1196,85,1345,66,N,0,W06,W03,2
168,1987,139,1207,82,1326,79,N,0,X01,X09,2
169,1987,139,1234,84,1431,82,N,0,Z02,Z07,2
170,1987,139,1242,67,1283,63,N,0,X05,X13,2
171,1987,139,1261,72,1396,62,N,0,Y10,Y02,2
172,1987,139,1328,96,1338,93,N,0,Z06,Z03,2
173,1987,139,1393,104,1443,86,N,0,W02,W10,2
174,1987,143,1207,70,1242,57,N,0,X01,X05,3
175,1987,143,1314,74,1323,68,N,0,W01,W05,3
176,1987,143,1344,103,1104,82,N,0,X06,X02,3
177,1987,143,1393,87,1196,81,N,0,W02,W06,3
178,1987,144,1231,88,1181,82,N,0,Y01,Y05,3
179,1987,144,1234,93,1328,91,N,1,Z02,Z06,3
180,1987,144,1261,63,1177,58,N,0,Y10,Y03,3
181,1987,144,1424,92,1461,78,N,0,Z01,Z12,3
182,1987,145,1344,88,1207,73,N,0,X06,X01,4
183,1987,145,1393,79,1314,75,N,0,W02,W01,4
184,1987,146,1231,77,1261,76,N,0,Y01,Y10,4
185,1987,146,1424,84,1234,81,N,0,Z01,Z02,4
186,1987,152,1231,97,1424,93,N,0,Y01,Z01,5
187,1987,152,1393,77,1344,63,N,0,W02,X06,5
188,1987,154,1231,74,1393,73,N,0,Y01,W02,6
189,1988,136,1120,90,1133,86,N,0,Y08,Y09,1
190,1988,136,1140,98,1150,92,N,1,Y04,Y13,1
191,1988,136,1177,83,1455,62,N,0,X05,X12,1
192,1988,136,1181,85,1131,69,N,0,W02,W15,1
193,1988,136,1196,62,1385,59,N,0,Z06,Z11,1
194,1988,136,1243,66,1247,53,N,0,X04,X13,1
195,1988,136,1257,70,1333,61,N,0,Y05,Y12,1
196,1988,136,1258,119,1461,115,N,0,Z10,Z07,1
197,1988,136,1272,75,1124,60,N,0,X09,X08,1
198,1988,136,1276,63,1129,58,N,0,Z03,Z14,1
199,1988,136,1314,83,1317,65,N,0,Z02,Z15,1
200,1988,136,1328,94,1151,66,N,0,Y01,Y16,1
201,1988,136,1345,94,1192,79,N,0,X01,X16,1
202,1988,136,1348,87,1281,80,N,0,W11,W06,1
203,1988,136,1374,83,1323,75,N,0,W07,W10,1
204,1988,136,1393,69,1299,55,N,0,W03,W14,1
205,1988,137,1112,90,1165,50,N,0,Z01,Z16,1
206,1988,137,1207,66,1261,63,N,0,W08,W09,1
207,1988,137,1210,90,1235,78,N,0,W05,W12,1
208,1988,137,1228,81,1427,72,N,0,Y03,Y14,1
209,1988,137,1234,102,1199,98,N,0,Z05,Z12,1
210,1988,137,1242,85,1462,72,N,0,X06,X11,1
211,1988,137,1246,99,1380,84,N,0,Y02,Y15,1
212,1988,137,1268,92,1364,82,N,0,Y07,Y10,1
213,1988,137,1293,78,1301,75,N,0,X14,X03,1
214,1988,137,1338,108,1185,90,N,0,X02,X15,1
215,1988,137,1350,72,1231,69,N,0,W13,W04,1
216,1988,137,1371,80,1431,64,N,0,Z08,Z09,1
217,1988,137,1396,87,1250,73,N,0,W01,W16,1
218,1988,137,1424,54,1283,50,N,0,Z04,Z13,1
219,1988,137,1435,80,1429,77,N,0,X07,X10,1
220,1988,137,1437,82,1116,74,N,0,Y06,Y11,1
221,1988,138,1181,94,1374,79,N,0,W02,W07,2
222,1988,138,1243,66,1177,58,N,0,X04,X05,2
223,1988,138,1257,97,1140,76,N,0,Y05,Y04,2
224,1988,138,1276,108,1196,85,N,0,Z03,Z06,2
225,1988,138,1314,123,1258,97,N,0,Z02,Z10,2
226,1988,138,1328,107,1120,87,N,0,Y01,Y08,2
227,1988,138,1345,100,1272,73,N,0,X01,X09,2
228,1988,138,1348,97,1393,94,N,0,W11,W03,2
229,1988,139,1112,84,1371,55,N,0,Z01,Z08,2
230,1988,139,1234,104,1424,86,N,0,Z05,Z04,2
231,1988,139,1242,61,1293,58,N,0,X06,X14,2
232,1988,139,1246,90,1268,81,N,0,Y02,Y07,2
233,1988,139,1350,59,1210,55,N,0,W13,W05,2
234,1988,139,1396,74,1207,53,N,0,W01,W08,2
235,1988,139,1435,80,1338,74,N,1,X07,X02,2
236,1988,139,1437,66,1228,63,N,0,Y06,Y03,2
237,1988,143,1181,73,1348,72,N,0,W02,W11,3
238,1988,143,1328,108,1257,98,N,0,Y01,Y05,3
239,1988,143,1396,69,1350,47,N,0,W01,W13,3
240,1988,143,1437,80,1246,74,N,0,Y06,Y02,3
241,1988,144,1112,99,1234,79,N,0,Z01,Z05,3
242,1988,144,1242,77,1435,64,N,0,X06,X07,3
243,1988,144,1243,73,1345,70,N,0,X04,X01,3
244,1988,144,1314,78,1276,69,N,0,Z02,Z03,3
245,1988,145,1181,63,1396,53,N,0,W02,W01,4
246,1988,145,1328,78,1437,59,N,0,Y01,Y06,4
247,1988,146,1112,70,1314,52,N,0,Z01,Z02,4
248,1988,146,1242,71,1243,58,N,0,X06,X04,4
249,1988,152,1242,66,1181,59,N,0,X06,W02,5
250,1988,152,1328,86,1112,78,N,0,Y01,Z01,5
251,1988,154,1242,83,1328,79,N,0,X06,Y01,6
252,1989,136,1112,94,1352,60,N,0,X01,X16,1
253,1989,136,1116,120,1258,101,N,0,Y05,Y12,1
254,1989,136,1123,68,1338,64,N,0,Y09,Y08,1
255,1989,136,1155,83,1388,70,N,0,X09,X08,1
256,1989,136,1177,66,1272,63,N,0,X12,X05,1
257,1989,136,1181,90,1354,69,N,0,W02,W15,1
258,1989,136,1228,77,1270,71,N,0,Y01,Y16,1
259,1989,136,1256,83,1247,74,N,0,Z09,Z08,1
260,1989,136,1257,76,1114,71,N,0,Y04,Y13,1
261,1989,136,1278,86,1243,75,N,0,W11,W06,1
262,1989,136,1292,97,1199,83,N,0,Z13,Z04,1
263,1989,136,1328,72,1190,71,N,0,Z01,Z16,1
264,1989,136,1373,80,1390,78,N,0,W14,W03,1
265,1989,136,1424,68,1225,56,N,0,X04,X13,1
266,1989,136,1438,100,1344,97,N,0,Z05,Z12,1
267,1989,136,1452,84,1397,68,N,0,W07,W10,1
268,1989,137,1161,68,1196,46,N,0,Y10,Y07,1
269,1989,137,1191,94,1333,90,N,1,X11,X06,1
270,1989,137,1207,50,1343,49,N,0,W01,W16,1
271,1989,137,1231,99,1206,85,N,0,X02,X15,1
272,1989,137,1234,87,1353,73,N,0,W04,W13,1
273,1989,137,1276,92,1462,87,N,0,Z03,Z14,1
274,1989,137,1281,85,1166,69,N,0,Y03,Y14,1
275,1989,137,1301,81,1376,66,N,0,W05,W12,1
276,1989,137,1314,93,1380,79,N,0,Z02,Z15,1
277,1989,137,1323,81,1435,65,N,0,W09,W08,1
278,1989,137,1371,60,1283,51,N,0,X03,X14,1
279,1989,137,1375,86,1104,84,N,0,Z11,Z06,1
280,1989,137,1393,104,1137,81,N,0,Y02,Y15,1
281,1989,137,1400,76,1210,70,N,0,Y11,Y06,1
282,1989,137,1417,84,1235,74,N,0,Z07,Z10,1
283,1989,137,1431,85,1261,74,N,0,X07,X10,1
284,1989,138,1112,94,1155,68,N,0,X01,X09,2
285,1989,138,1181,70,1452,63,N,0,W02,W07,2
286,1989,138,1228,72,1123,60,N,0,Y01,Y09,2
287,1989,138,1257,93,1116,84,N,0,Y04,Y05,2
288,1989,138,1278,80,1373,67,N,0,W11,W14,2
289,1989,138,1328,124,1256,81,N,0,Z01,Z09,2
290,1989,138,1424,85,1177,70,N,0,X04,X12,2
291,1989,138,1438,104,1292,88,N,0,Z05,Z13,2
292,1989,139,1207,81,1323,74,N,0,W01,W09,2
293,1989,139,1231,92,1431,69,N,0,X02,X07,2
294,1989,139,1276,91,1375,82,N,0,Z03,Z11,2
295,1989,139,1281,108,1400,89,N,0,Y03,Y11,2
296,1989,139,1301,102,1234,96,N,1,W05,W04,2
297,1989,139,1314,88,1417,81,N,0,Z02,Z07,2
298,1989,139,1371,87,1191,73,N,0,X03,X11,2
299,1989,139,1393,65,1161,50,N,0,Y02,Y10,2
300,1989,143,1276,92,1314,87,N,0,Z03,Z02,3
301,1989,143,1371,78,1231,65,N,0,X03,X02,3
302,1989,143,1424,68,1112,67,N,0,X04,X01,3
303,1989,143,1438,86,1328,80,N,0,Z05,Z01,3
304,1989,144,1181,87,1278,70,N,0,W02,W11,3
305,1989,144,1207,69,1301,61,N,0,W01,W05,3
306,1989,144,1228,83,1257,69,N,0,Y01,Y04,3
307,1989,144,1393,83,1281,80,N,0,Y02,Y03,3
308,1989,145,1276,102,1438,65,N,0,Z03,Z05,4
309,1989,145,1371,84,1424,61,N,0,X03,X04,4
310,1989,146,1181,85,1207,77,N,0,W02,W01,4
311,1989,146,1228,89,1393,86,N,0,Y01,Y02,4
312,1989,152,1276,83,1228,81,N,0,Z03,Y01,5
313,1989,152,1371,95,1181,78,N,0,X03,W02,5
314,1989,154,1276,80,1371,79,N,1,Z03,X03,6
315,1990,136,1116,68,1343,64,N,0,X04,X13,1
316,1990,136,1123,54,1333,53,N,0,Z12,Z05,1
317,1990,136,1143,65,1231,63,N,0,W09,W08,1
318,1990,136,1155,49,1140,47,N,0,W05,W12,1
319,1990,136,1163,76,1131,52,N,0,W01,W16,1
320,1990,136,1173,88,1228,86,N,0,X12,X05,1
321,1990,136,1210,99,1190,83,N,0,Y04,Y13,1
322,1990,136,1247,79,1379,63,N,0,W04,W13,1
323,1990,136,1257,78,1225,59,N,0,Z04,Z13,1
324,1990,136,1261,70,1437,63,N,0,Y05,Y12,1
325,1990,136,1277,75,1293,71,N,1,Y01,Y16,1
326,1990,136,1314,83,1283,70,N,0,X08,X09,1
327,1990,136,1326,84,1344,83,N,1,Z08,Z09,1
328,1990,136,1328,77,1406,68,N,0,X01,X16,1
329,1990,136,1364,70,1222,66,N,0,Y09,Y08,1
330,1990,136,1424,102,1114,72,N,0,Z01,Z16,1
331,1990,137,1104,71,1161,54,N,0,Z07,Z10,1
332,1990,137,1112,79,1378,67,N,0,Z02,Z15,1
333,1990,137,1181,81,1350,46,N,0,W03,W14,1
334,1990,137,1207,70,1411,52,N,0,X03,X14,1
335,1990,137,1242,79,1352,71,N,0,W02,W15,1
336,1990,137,1258,111,1308,92,N,0,Z11,Z06,1
337,1990,137,1276,76,1229,70,N,0,Z03,Z14,1
338,1990,137,1278,64,1431,61,N,1,Y06,Y11,1
339,1990,137,1320,74,1281,71,N,0,Y14,Y03,1
340,1990,137,1345,75,1419,63,N,0,X02,X15,1
341,1990,137,1385,81,1396,65,N,0,W06,W11,1
342,1990,137,1393,70,1164,48,N,0,Y02,Y15,1
343,1990,137,1400,100,1208,88,N,0,X10,X07,1
344,1990,137,1417,68,1412,56,N,0,W07,W10,1
345,1990,137,1438,75,1323,67,N,0,Y07,Y10,1
346,1990,137,1462,87,1243,79,N,0,X06,X11,1
347,1990,138,1116,86,1173,84,N,0,X04,X12,2
348,1990,138,1123,62,1257,60,N,0,Z12,Z04,2
349,1990,138,1155,79,1247,75,N,0,W05,W04,2
350,1990,138,1163,74,1143,54,N,0,W01,W09,2
351,1990,138,1210,94,1261,91,N,0,Y04,Y05,2
352,1990,138,1277,62,1364,58,N,0,Y01,Y09,2
353,1990,138,1314,79,1328,77,N,0,X08,X01,2
354,1990,138,1424,76,1326,65,N,0,Z01,Z08,2
355,1990,139,1104,77,1112,55,N,0,Z07,Z02,2
356,1990,139,1181,76,1385,72,N,0,W03,W06,2
357,1990,139,1258,149,1276,115,N,0,Z11,Z03,2
358,1990,139,1278,81,1320,78,N,0,Y06,Y14,2
359,1990,139,1393,63,1438,61,N,0,Y02,Y07,2
360,1990,139,1400,73,1345,72,N,0,X10,X02,2
361,1990,139,1417,71,1242,70,N,0,W07,W02,2
362,1990,139,1462,74,1207,71,N,0,X06,X03,2
363,1990,143,1116,96,1314,73,N,0,X04,X08,3
364,1990,143,1163,71,1155,70,N,0,W01,W05,3
365,1990,143,1181,90,1417,81,N,0,W03,W07,3
366,1990,143,1400,102,1462,89,N,0,X10,X06,3
367,1990,144,1210,81,1277,80,N,1,Y04,Y01,3
368,1990,144,1258,62,1104,60,N,0,Z11,Z07,3
369,1990,144,1278,82,1393,75,N,0,Y06,Y02,3
370,1990,144,1424,69,1123,67,N,0,Z01,Z12,3
371,1990,145,1116,88,1400,85,N,0,X04,X10,4
372,1990,145,1181,79,1163,78,N,1,W03,W01,4
373,1990,146,1210,93,1278,91,N,0,Y04,Y06,4
374,1990,146,1424,131,1258,101,N,0,Z01,Z11,4
375,1990,152,1181,97,1116,83,N,0,W03,X04,5
376,1990,152,1424,90,1210,81,N,0,Z01,Y04,5
377,1990,154,1424,103,1181,73,N,0,Z01,W03,6
378,1991,136,1112,93,1384,80,N,0,Z02,Z15,1
379,1991,136,1140,61,1438,48,N,0,Z10,Z07,1
380,1991,136,1163,79,1261,62,N,0,Y11,Y06,1
381,1991,136,1166,64,1308,56,N,0,Z11,Z06,1
382,1991,136,1181,102,1419,73,N,0,Y02,Y15,1
383,1991,136,1199,75,1425,72,N,0,X07,X10,1
384,1991,136,1231,79,1157,69,N,0,X02,X15,1
385,1991,136,1234,76,1190,73,N,0,Y07,Y10,1
386,1991,136,1242,55,1309,49,N,0,X03,X14,1
387,1991,136,1301,114,1379,85,N,0,W06,W11,1
388,1991,136,1329,67,1307,54,N,0,W03,W14,1
389,1991,136,1338,76,1208,68,N,1,X06,X11,1
390,1991,136,1350,73,1393,69,N,0,W15,W02,1
391,1991,136,1371,71,1337,51,N,0,Z03,Z14,1
392,1991,136,1396,80,1345,63,N,0,W10,W07,1
393,1991,136,1462,89,1304,84,N,0,Y14,Y03,1
394,1991,137,1104,89,1293,79,N,0,X04,X13,1
395,1991,137,1113,79,1353,76,N,0,X08,X09,1
396,1991,137,1116,117,1209,76,N,0,X01,X16,1
397,1991,137,1185,76,1280,56,N,0,W12,W05,1
398,1991,137,1207,70,1435,60,N,0,Z08,Z09,1
399,1991,137,1210,87,1177,70,N,0,Y08,Y09,1
400,1991,137,1277,60,1453,58,N,0,Z05,Z12,1
401,1991,137,1314,101,1318,66,N,0,W01,W16,1
402,1991,137,1326,97,1406,86,N,0,Y01,Y16,1
403,1991,137,1336,74,1417,69,N,0,W13,W04,1
404,1991,137,1385,75,1296,68,N,0,Y04,Y13,1
405,1991,137,1400,73,1389,65,N,0,Y05,Y12,1
406,1991,137,1424,99,1285,65,N,0,Z01,Z16,1
407,1991,137,1428,82,1375,72,N,0,Z04,Z13,1
408,1991,137,1437,50,1343,48,N,0,W09,W08,1
409,1991,137,1448,71,1256,65,N,0,X05,X12,1
410,1991,138,1112,76,1140,61,N,0,Z02,Z10,2
411,1991,138,1163,66,1462,50,N,0,Y11,Y14,2
412,1991,138,1181,85,1234,70,N,0,Y02,Y07,2
413,1991,138,1231,82,1199,60,N,0,X02,X07,2
414,1991,138,1242,77,1338,66,N,0,X03,X06,2
415,1991,138,1329,73,1301,64,N,0,W03,W06,2
416,1991,138,1371,81,1166,69,N,0,Z03,Z11,2
417,1991,138,1396,77,1350,64,N,0,W10,W15,2
418,1991,139,1104,96,1448,88,N,0,X04,X05,2
419,1991,139,1116,97,1113,90,N,0,X01,X08,2
420,1991,139,1185,71,1336,68,N,1,W12,W13,2
421,1991,139,1314,84,1437,69,N,0,W01,W09,2
422,1991,139,1326,65,1210,61,N,0,Y01,Y08,2
423,1991,139,1385,84,1400,76,N,0,Y04,Y05,2
424,1991,139,1424,62,1207,54,N,0,Z01,Z08,2
425,1991,139,1428,85,1277,84,N,1,Z04,Z05,2
426,1991,143,1116,93,1104,70,N,0,X01,X04,3
427,1991,143,1242,83,1231,65,N,0,X03,X02,3
428,1991,143,1371,81,1112,77,N,0,Z03,Z02,3
429,1991,143,1424,83,1428,66,N,0,Z01,Z04,3
430,1991,144,1181,81,1163,67,N,0,Y02,Y11,3
431,1991,144,1314,93,1185,67,N,0,W01,W12,3
432,1991,144,1385,91,1326,74,N,0,Y04,Y01,3
433,1991,144,1396,72,1329,63,N,1,W10,W03,3
434,1991,145,1242,93,1116,81,N,0,X03,X01,4
435,1991,145,1424,77,1371,65,N,0,Z01,Z03,4
436,1991,146,1181,78,1385,61,N,0,Y02,Y04,4
437,1991,146,1314,75,1396,72,N,0,W01,W10,4
438,1991,152,1181,79,1424,77,N,0,Y02,Z01,5
439,1991,152,1242,79,1314,73,N,0,X03,W01,5
440,1991,154,1181,72,1242,65,N,0,Y02,X03,6
441,1992,136,1104,80,1390,75,N,0,Z05,Z12,1
442,1992,136,1116,80,1293,69,N,0,Y03,Y14,1
443,1992,136,1163,86,1304,65,N,0,Z09,Z08,1
444,1992,136,1181,82,1144,56,N,0,W01,W16,1
445,1992,136,1199,78,1285,68,N,0,X03,X14,1
446,1992,136,1207,75,1378,60,N,0,X06,X11,1
447,1992,136,1210,65,1222,60,N,0,Y07,Y10,1
448,1992,136,1231,94,1183,55,N,0,X02,X15,1
449,1992,136,1234,98,1400,92,N,0,W09,W08,1
450,1992,136,1261,94,1140,83,N,0,X07,X10,1
451,1992,136,1272,80,1337,70,N,0,Y06,Y11,1
452,1992,136,1281,89,1452,78,N,0,W05,W12,1
453,1992,136,1314,68,1275,63,N,0,Z04,Z13,1
454,1992,136,1326,83,1290,56,N,0,Z01,Z16,1
455,1992,136,1371,78,1247,76,N,0,W04,W13,1
456,1992,136,1425,84,1419,54,N,0,Y02,Y15,1
457,1992,137,1153,85,1174,47,N,0,Y04,Y13,1
458,1992,137,1190,87,1112,80,N,0,Z14,Z03,1
459,1992,137,1235,76,1150,74,N,0,W10,W07,1
460,1992,137,1242,100,1224,67,N,0,Y01,Y16,1
461,1992,137,1246,88,1330,69,N,0,W02,W15,1
462,1992,137,1257,81,1448,58,N,0,X08,X09,1
463,1992,137,1269,85,1200,58,N,0,W03,W14,1
464,1992,137,1276,73,1396,66,N,0,Z06,Z11,1
465,1992,137,1277,61,1283,54,N,0,Y05,Y12,1
466,1992,137,1308,81,1177,73,N,0,X12,X05,1
467,1992,137,1329,100,1204,73,N,0,Z02,Z15,1
468,1992,137,1393,51,1343,43,N,0,W06,W11,1
469,1992,137,1408,61,1385,57,N,0,Z10,Z07,1
470,1992,137,1417,73,1352,53,N,0,X01,X16,1
471,1992,137,1418,87,1328,83,N,0,X13,X04,1
472,1992,137,1431,55,1191,50,N,0,Y09,Y08,1
473,1992,138,1181,75,1234,62,N,0,W01,W09,2
474,1992,138,1199,78,1207,68,N,0,X03,X06,2
475,1992,138,1210,79,1425,78,N,0,Y07,Y02,2
476,1992,138,1231,89,1261,79,N,0,X02,X07,2
477,1992,138,1272,82,1116,80,N,0,Y06,Y03,2
478,1992,138,1314,64,1104,55,N,0,Z04,Z05,2
479,1992,138,1326,78,1163,55,N,0,Z01,Z09,2
480,1992,138,1371,88,1281,71,N,0,W04,W05,2
481,1992,139,1153,77,1277,65,N,0,Y04,Y05,2
482,1992,139,1246,106,1235,98,N,0,W02,W10,2
483,1992,139,1269,77,1393,71,N,1,W03,W06,2
484,1992,139,1276,102,1190,90,N,0,Z06,Z14,2
485,1992,139,1308,81,1418,73,N,0,X12,X13,2
486,1992,139,1329,87,1408,71,N,0,Z02,Z10,2
487,1992,139,1417,85,1257,69,N,0,X01,X08,2
488,1992,139,1431,66,1242,60,N,0,Y09,Y01,2
489,1992,143,1181,81,1371,69,N,0,W01,W04,3
490,1992,143,1231,85,1199,74,N,0,X02,X03,3
491,1992,143,1246,87,1269,77,N,0,W02,W03,3
492,1992,143,1417,85,1308,78,N,0,X01,X12,3
493,1992,144,1153,69,1431,67,N,0,Y04,Y09,3
494,1992,144,1272,83,1210,79,N,1,Y06,Y07,3
495,1992,144,1276,75,1329,72,N,0,Z06,Z02,3
496,1992,144,1326,80,1314,73,N,0,Z01,Z04,3
497,1992,145,1181,104,1246,103,N,1,W01,W02,4
498,1992,145,1231,106,1417,79,N,0,X02,X01,4
499,1992,146,1153,88,1272,57,N,0,Y04,Y06,4
500,1992,146,1276,75,1326,71,N,1,Z06,Z01,4
501,1992,152,1181,81,1231,78,N,0,W01,X02,5
502,1992,152,1276,76,1153,72,N,0,Z06,Y04,5
503,1992,154,1181,71,1276,51,N,0,W01,Z06,6
504,1993,136,1116,94,1221,64,N,0,W04,W13,1
505,1993,136,1140,80,1374,71,N,0,X07,X10,1
506,1993,136,1143,66,1261,64,N,0,X06,X11,1
507,1993,136,1181,105,1356,70,N,0,X03,X14,1
508,1993,136,1199,82,1191,70,N,0,Y03,Y14,1
509,1993,136,1228,75,1253,72,N,0,Z06,Z11,1
510,1993,136,1242,94,1123,72,N,0,X02,X15,1
511,1993,136,1314,85,1187,65,N,0,W01,W16,1
512,1993,136,1348,74,1345,68,N,0,W08,W09,1
513,1993,136,1365,64,1112,61,N,0,Z15,Z02,1
514,1993,136,1371,81,1398,59,N,0,Y02,Y15,1
515,1993,136,1385,85,1403,67,N,0,W05,W12,1
516,1993,136,1396,75,1281,61,N,0,Z07,Z10,1
517,1993,136,1408,55,1243,53,N,0,Y11,Y06,1
518,1993,136,1435,92,1129,72,N,0,Z03,Z14,1
519,1993,136,1443,55,1272,52,N,0,Y07,Y10,1
520,1993,137,1153,93,1164,66,N,0,W02,W15,1
521,1993,137,1203,82,1307,68,N,0,Z12,Z05,1
522,1993,137,1231,97,1460,54,N,0,X01,X16,1
523,1993,137,1234,82,1419,69,N,0,Y04,Y13,1
524,1993,137,1246,96,1351,52,N,0,Y01,Y16,1
525,1993,137,1257,76,1174,70,N,0,X04,X13,1
526,1993,137,1269,54,1335,50,N,0,W03,W14,1
527,1993,137,1276,84,1157,52,N,0,Z01,Z16,1
528,1993,137,1308,93,1304,79,N,0,W07,W10,1
529,1993,137,1329,74,1266,62,N,0,X05,X12,1
530,1993,137,1380,93,1210,78,N,0,Z13,Z04,1
531,1993,137,1417,81,1235,70,N,0,Z09,Z08,1
532,1993,137,1428,86,1338,65,N,0,Y08,Y09,1
533,1993,137,1438,78,1264,66,N,0,W06,W11,1
534,1993,137,1448,81,1151,58,N,0,Y05,Y12,1
535,1993,137,1462,73,1309,55,N,0,X09,X08,1
536,1993,138,1116,80,1385,74,N,0,W04,W05,2
537,1993,138,1143,82,1181,77,N,0,X06,X03,2
538,1993,138,1199,94,1408,63,N,0,Y03,Y11,2
539,1993,138,1242,90,1140,76,N,0,X02,X07,2
540,1993,138,1314,112,1348,67,N,0,W01,W08,2
541,1993,138,1396,68,1365,57,N,0,Z07,Z15,2
542,1993,138,1435,85,1228,68,N,0,Z03,Z06,2
543,1993,138,1443,72,1371,68,N,0,Y07,Y02,2
544,1993,139,1153,92,1308,55,N,0,W02,W07,2
545,1993,139,1203,90,1380,80,N,0,Z12,Z13,2
546,1993,139,1231,73,1462,70,N,0,X01,X09,2
547,1993,139,1246,83,1428,62,N,0,Y01,Y08,2
548,1993,139,1257,78,1329,63,N,0,X04,X05,2
549,1993,139,1276,86,1417,84,N,1,Z01,Z09,2
550,1993,139,1438,71,1269,56,N,0,W06,W03,2
551,1993,139,1448,84,1234,78,N,0,Y05,Y04,2
552,1993,143,1199,81,1443,78,N,1,Y03,Y07,3
553,1993,143,1231,82,1257,69,N,0,X01,X04,3
554,1993,143,1242,93,1143,76,N,0,X02,X06,3
555,1993,143,1246,103,1448,69,N,0,Y01,Y05,3
556,1993,144,1153,71,1438,54,N,0,W02,W06,3
557,1993,144,1276,72,1203,64,N,0,Z01,Z12,3
558,1993,144,1314,80,1116,74,N,0,W01,W04,3
559,1993,144,1396,67,1435,59,N,0,Z07,Z03,3
560,1993,145,1242,83,1231,77,N,0,X02,X01,4
561,1993,145,1246,106,1199,81,N,0,Y01,Y03,4
562,1993,146,1276,77,1396,72,N,0,Z01,Z07,4
563,1993,146,1314,75,1153,68,N,1,W01,W02,4
564,1993,152,1276,81,1246,78,N,1,Z01,Y01,5
565,1993,152,1314,78,1242,68,N,0,W01,X02,5
566,1993,154,1314,77,1276,71,N,0,W01,Z01,6
567,1994,136,1104,76,1344,70,N,0,X09,X08,1
568,1994,136,1163,64,1351,46,N,0,W02,W15,1
569,1994,136,1196,64,1241,62,N,0,W03,W14,1
570,1994,136,1203,51,1412,46,N,0,W10,W07,1
571,1994,136,1242,102,1151,73,N,0,X04,X13,1
572,1994,136,1268,74,1387,66,N,0,Y10,Y07,1
573,1994,136,1269,78,1402,60,N,0,Y02,Y15,1
574,1994,136,1276,78,1337,74,N,1,Y03,Y14,1
575,1994,136,1281,76,1298,53,N,0,Z01,Z16,1
576,1994,136,1335,90,1304,80,N,0,W11,W06,1
577,1994,136,1345,98,1416,67,N,0,X01,X16,1
578,1994,136,1393,92,1218,78,N,0,Z04,Z13,1
579,1994,136,1400,91,1443,77,N,0,Y06,Y11,1
580,1994,136,1448,68,1158,58,N,0,X05,X12,1
581,1994,136,1453,61,1143,57,N,0,Z12,Z05,1
582,1994,136,1458,80,1153,72,N,0,Z09,Z08,1
583,1994,137,1112,81,1259,55,N,0,Z02,Z15,1
584,1994,137,1116,94,1299,79,N,0,Y01,Y16,1
585,1994,137,1130,67,1450,64,N,0,W09,W08,1
586,1994,137,1181,82,1411,70,N,0,X02,X15,1
587,1994,137,1207,84,1228,77,N,0,Y09,Y08,1
588,1994,137,1231,84,1325,72,N,0,W05,W12,1
589,1994,137,1246,83,1398,70,N,0,X03,X14,1
590,1994,137,1257,67,1129,58,N,0,Z03,Z14,1
591,1994,137,1266,81,1418,59,N,0,X06,X11,1
592,1994,137,1277,84,1371,73,N,0,X07,X10,1
593,1994,137,1278,74,1356,60,N,0,Z06,Z11,1
594,1994,137,1314,71,1251,51,N,0,W01,W16,1
595,1994,137,1329,65,1308,55,N,0,Y04,Y13,1
596,1994,137,1396,61,1180,39,N,0,W04,W13,1
597,1994,137,1409,112,1417,102,N,0,Y12,Y05,1
598,1994,137,1438,57,1307,54,N,0,Z07,Z10,1
599,1994,138,1163,75,1203,63,N,0,W02,W10,2
600,1994,138,1196,70,1335,58,N,0,W03,W11,2
601,1994,138,1242,69,1448,58,N,0,X04,X05,2
602,1994,138,1268,95,1269,87,N,0,Y10,Y02,2
603,1994,138,1276,84,1400,79,N,0,Y03,Y06,2
604,1994,138,1281,109,1458,96,N,0,Z01,Z09,2
605,1994,138,1345,83,1104,73,N,0,X01,X09,2
606,1994,138,1393,64,1453,59,N,0,Z04,Z12,2
607,1994,139,1112,71,1438,58,N,0,Z02,Z07,2
608,1994,139,1116,85,1207,73,N,0,Y01,Y09,2
609,1994,139,1130,75,1314,72,N,0,W09,W01,2
610,1994,139,1181,85,1277,74,N,0,X02,X07,2
611,1994,139,1231,67,1396,58,N,0,W05,W04,2
612,1994,139,1257,60,1278,55,N,0,Z03,Z06,2
613,1994,139,1266,75,1246,63,N,0,X06,X03,2
614,1994,139,1409,82,1329,80,N,0,Y12,Y04,2
615,1994,143,1112,82,1257,70,N,0,Z02,Z03,3
616,1994,143,1181,59,1266,49,N,0,X02,X06,3
617,1994,143,1281,98,1393,88,N,1,Z01,Z04,3
618,1994,143,1345,83,1242,78,N,0,X01,X04,3
619,1994,144,1116,103,1409,84,N,0,Y01,Y12,3
620,1994,144,1130,77,1231,68,N,0,W09,W05,3
621,1994,144,1196,69,1163,60,N,1,W03,W02,3
622,1994,144,1276,78,1268,71,N,0,Y03,Y10,3
623,1994,145,1112,92,1281,72,N,0,Z02,Z01,4
624,1994,145,1181,69,1345,60,N,0,X02,X01,4
625,1994,146,1116,76,1276,68,N,0,Y01,Y03,4
626,1994,146,1196,74,1130,66,N,0,W03,W09,4
627,1994,152,1116,91,1112,82,N,0,Y01,Z02,5
628,1994,152,1181,70,1196,65,N,0,X02,W03,5
629,1994,154,1116,76,1181,72,N,0,Y01,X02,6
630,1995,136,1104,91,1335,85,N,1,W05,W12,1
631,1995,136,1113,81,1123,66,N,0,Z05,Z12,1
632,1995,136,1153,77,1396,71,N,0,X07,X10,1
633,1995,136,1163,100,1151,71,N,0,X02,X15,1
634,1995,136,1242,82,1159,68,N,0,Y01,Y16,1
635,1995,136,1246,113,1291,67,N,0,Z01,Z16,1
636,1995,136,1264,77,1328,67,N,0,Z13,Z04,1
637,1995,136,1268,87,1211,63,N,0,X03,X14,1
638,1995,136,1275,71,1112,62,N,0,Y12,Y05,1
639,1995,136,1329,73,1180,49,N,0,W04,W13,1
640,1995,136,1387,64,1278,61,N,0,W09,W08,1
641,1995,136,1400,90,1332,73,N,0,X11,X06,1
642,1995,136,1408,76,1140,70,N,0,Z09,Z08,1
643,1995,136,1438,96,1311,72,N,0,Y04,Y13,1
644,1995,136,1443,82,1276,76,N,0,Y08,Y09,1
645,1995,136,1448,79,1299,47,N,0,W01,W16,1
646,1995,137,1116,79,1411,78,N,0,Y02,Y15,1
647,1995,137,1207,68,1462,63,N,0,Z06,Z11,1
648,1995,137,1235,64,1196,61,N,0,Z07,Z10,1
649,1995,137,1269,68,1389,51,N,0,W02,W15,1
650,1995,137,1272,77,1257,56,N,0,Y06,Y11,1
651,1995,137,1280,75,1365,67,N,0,X05,X12,1
652,1995,137,1281,65,1231,60,N,0,X08,X09,1
653,1995,137,1314,80,1293,70,N,0,Z02,Z15,1
654,1995,137,1330,89,1437,81,N,3,W14,W03,1
655,1995,137,1345,49,1453,48,N,0,Y03,Y14,1
656,1995,137,1390,70,1150,68,N,0,W10,W07,1
657,1995,137,1393,96,1356,92,N,0,Y07,Y10,1
658,1995,137,1409,68,1228,62,N,0,W06,W11,1
659,1995,137,1417,92,1198,56,N,0,X01,X16,1
660,1995,137,1428,76,1253,64,N,0,X04,X13,1
661,1995,137,1451,79,1277,72,N,0,Z14,Z03,1
662,1995,138,1113,64,1264,54,N,0,Z05,Z13,2
663,1995,138,1163,96,1153,91,N,0,X02,X07,2
664,1995,138,1242,75,1443,70,N,0,Y01,Y08,2
665,1995,138,1246,82,1408,60,N,0,Z01,Z09,2
666,1995,138,1268,82,1400,68,N,0,X03,X11,2
667,1995,138,1329,66,1104,52,N,0,W04,W05,2
668,1995,138,1438,60,1275,54,N,1,Y04,Y12,2
669,1995,138,1448,64,1387,59,N,0,W01,W09,2
670,1995,139,1116,96,1393,94,N,1,Y02,Y07,2
671,1995,139,1207,53,1451,51,N,0,Z06,Z14,2
672,1995,139,1269,75,1390,53,N,0,W02,W10,2
673,1995,139,1272,75,1345,73,N,0,Y06,Y03,2
674,1995,139,1280,78,1428,64,N,0,X05,X04,2
675,1995,139,1314,73,1235,51,N,0,Z02,Z07,2
676,1995,139,1409,64,1330,52,N,0,W06,W14,2
677,1995,139,1417,75,1281,74,N,0,X01,X08,2
678,1995,143,1163,99,1268,89,N,0,X02,X03,3
679,1995,143,1246,97,1113,73,N,0,Z01,Z05,3
680,1995,143,1314,74,1207,64,N,0,Z02,Z06,3
681,1995,143,1417,86,1280,67,N,0,X01,X05,3
682,1995,144,1116,96,1272,91,N,1,Y02,Y06,3
683,1995,144,1269,76,1409,51,N,0,W02,W06,3
684,1995,144,1329,71,1448,66,N,0,W04,W01,3
685,1995,144,1438,67,1242,58,N,0,Y04,Y01,3
686,1995,145,1314,74,1246,61,N,0,Z02,Z01,4
687,1995,145,1417,102,1163,96,N,0,X01,X02,4
688,1995,146,1116,68,1438,61,N,0,Y02,Y04,4
689,1995,146,1329,68,1269,54,N,0,W04,W02,4
690,1995,152,1116,75,1314,68,N,0,Y02,Z02,5
691,1995,152,1417,74,1329,61,N,0,X01,W04,5
692,1995,154,1417,89,1116,78,N,0,X01,Y02,6
693,1996,136,1116,86,1336,80,N,0,W12,W05,1
694,1996,136,1163,68,1159,59,N,0,Y01,Y16,1
695,1996,136,1180,75,1272,63,N,0,Z12,Z05,1
696,1996,136,1185,75,1181,60,N,0,Y09,Y08,1
697,1996,136,1208,81,1155,74,N,0,Z08,Z09,1
698,1996,136,1235,74,1143,64,N,0,X05,X12,1
699,1996,136,1246,110,1363,72,N,0,X01,X16,1
700,1996,136,1266,68,1284,44,N,0,W04,W13,1
701,1996,136,1269,92,1416,70,N,0,W01,W16,1
702,1996,136,1280,58,1433,51,N,0,Y05,Y12,1
703,1996,136,1343,43,1417,41,N,0,Y13,Y04,1
704,1996,136,1345,73,1441,71,N,0,Z01,Z16,1
705,1996,136,1390,66,1133,58,N,0,W09,W08,1
706,1996,136,1393,88,1286,55,N,0,Z04,Z13,1
707,1996,136,1428,72,1145,43,N,0,X04,X13,1
708,1996,136,1439,61,1453,48,N,0,X09,X08,1
709,1996,137,1112,90,1434,51,N,0,Z03,Z14,1
710,1996,137,1130,64,1231,51,N,0,Y11,Y06,1
711,1996,137,1153,66,1422,61,N,0,Y02,Y15,1
712,1996,137,1207,93,1290,56,N,0,W02,W15,1
713,1996,137,1210,90,1122,79,N,0,Y03,Y14,1
714,1996,137,1234,81,1203,79,N,0,Z06,Z11,1
715,1996,137,1242,92,1354,54,N,0,Z02,Z15,1
716,1996,137,1257,82,1409,80,N,1,X06,X11,1
717,1996,137,1307,69,1243,48,N,0,W07,W10,1
718,1996,137,1314,83,1309,62,N,0,W06,W11,1
719,1996,137,1365,91,1268,79,N,0,Z10,Z07,1
720,1996,137,1396,61,1328,43,N,0,Y07,Y10,1
721,1996,137,1400,80,1276,76,N,0,X10,X07,1
722,1996,137,1403,74,1296,73,N,0,W03,W14,1
723,1996,137,1437,92,1339,58,N,0,X03,X14,1
724,1996,137,1448,62,1419,50,N,0,X02,X15,1
725,1996,138,1116,65,1266,56,N,0,W12,W04,2
726,1996,138,1163,95,1185,81,N,0,Y01,Y09,2
727,1996,138,1208,76,1345,69,N,0,Z08,Z01,2
728,1996,138,1246,84,1439,60,N,0,X01,X09,2
729,1996,138,1269,79,1390,74,N,0,W01,W09,2
730,1996,138,1280,63,1343,41,N,0,Y05,Y13,2
731,1996,138,1393,69,1180,58,N,0,Z04,Z12,2
732,1996,138,1428,73,1235,67,N,0,X04,X05,2
733,1996,139,1112,87,1234,73,N,0,Z03,Z06,2
734,1996,139,1153,78,1396,65,N,0,Y02,Y07,2
735,1996,139,1207,73,1307,62,N,0,W02,W07,2
736,1996,139,1210,103,1130,89,N,0,Y03,Y11,2
737,1996,139,1242,76,1365,51,N,0,Z02,Z10,2
738,1996,139,1257,68,1437,64,N,0,X06,X03,2
739,1996,139,1403,92,1314,73,N,0,W03,W06,2
740,1996,139,1448,65,1400,62,N,0,X02,X10,2
741,1996,143,1207,98,1403,90,N,0,W02,W03,3
742,1996,143,1246,101,1428,70,N,0,X01,X04,3
743,1996,143,1269,79,1116,63,N,0,W01,W12,3
744,1996,143,1448,60,1257,59,N,0,X02,X06,3
745,1996,144,1153,87,1210,70,N,0,Y02,Y03,3
746,1996,144,1242,83,1112,80,N,0,Z02,Z03,3
747,1996,144,1280,60,1163,55,N,0,Y05,Y01,3
748,1996,144,1393,83,1208,81,N,1,Z04,Z08,3
749,1996,145,1246,83,1448,63,N,0,X01,X02,4
750,1996,145,1269,86,1207,62,N,0,W01,W02,4
751,1996,146,1280,73,1153,63,N,0,Y05,Y02,4
752,1996,146,1393,60,1242,57,N,0,Z04,Z02,4
753,1996,152,1246,81,1269,74,N,0,X01,W01,5
754,1996,152,1393,77,1280,69,N,0,Z04,Y05,5
755,1996,154,1246,76,1393,67,N,0,X01,Z04,6
756,1997,136,1112,65,1375,57,N,0,X04,X13,1
757,1997,136,1130,73,1434,66,N,0,Z05,Z12,1
758,1997,136,1143,55,1343,52,N,0,W05,W12,1
759,1997,136,1153,86,1139,69,N,0,Y03,Y14,1
760,1997,136,1158,75,1268,66,N,0,X12,X05,1
761,1997,136,1160,80,1231,62,N,0,W09,W08,1
762,1997,136,1234,73,1438,60,N,0,Z08,Z09,1
763,1997,136,1235,69,1229,57,N,0,Y06,Y11,1
764,1997,136,1242,78,1238,64,N,0,X01,X16,1
765,1997,136,1246,92,1285,54,N,0,Z01,Z16,1
766,1997,136,1314,82,1193,74,N,0,W01,W16,1
767,1997,136,1345,83,1348,76,N,1,X08,X09,1
768,1997,136,1386,75,1334,65,N,0,Z04,Z13,1
769,1997,136,1417,109,1149,75,N,0,Y02,Y15,1
770,1997,136,1437,101,1254,91,N,0,W04,W13,1
771,1997,136,1462,80,1435,68,N,0,Y07,Y10,1
772,1997,137,1150,79,1207,67,N,0,Z07,Z10,1
773,1997,137,1151,73,1208,70,N,0,X14,X03,1
774,1997,137,1155,68,1275,56,N,0,Y04,Y13,1
775,1997,137,1164,78,1376,65,N,0,W15,W02,1
776,1997,137,1181,71,1293,68,N,0,X02,X15,1
777,1997,137,1228,90,1425,77,N,0,X06,X11,1
778,1997,137,1257,65,1269,57,N,0,W06,W11,1
779,1997,137,1278,78,1402,46,N,0,Y01,Y16,1
780,1997,137,1307,59,1330,55,N,0,W03,W14,1
781,1997,137,1344,81,1266,59,N,0,X10,X07,1
782,1997,137,1390,80,1328,67,N,0,Z06,Z11,1
783,1997,137,1396,62,1279,40,N,0,Y09,Y08,1
784,1997,137,1400,71,1458,58,N,0,W10,W07,1
785,1997,137,1409,81,1131,52,N,0,Y05,Y12,1
786,1997,137,1428,75,1298,61,N,0,Z02,Z15,1
787,1997,137,1448,68,1388,46,N,0,Z03,Z14,1
788,1997,138,1112,73,1158,69,N,0,X04,X12,2
789,1997,138,1143,75,1437,68,N,0,W05,W04,2
790,1997,138,1235,67,1153,66,N,0,Y06,Y03,2
791,1997,138,1242,75,1345,61,N,0,X01,X08,2
792,1997,138,1246,75,1234,69,N,0,Z01,Z08,2
793,1997,138,1314,73,1160,56,N,0,W01,W09,2
794,1997,138,1386,81,1130,77,N,1,Z04,Z05,2
795,1997,138,1417,96,1462,83,N,0,Y02,Y07,2
796,1997,139,1151,75,1228,63,N,0,X14,X06,2
797,1997,139,1155,65,1409,59,N,0,Y04,Y05,2
798,1997,139,1257,64,1307,63,N,0,W06,W03,2
799,1997,139,1278,76,1396,57,N,0,Y01,Y09,2
800,1997,139,1344,98,1181,87,N,0,X10,X02,2
801,1997,139,1390,72,1448,66,N,0,Z06,Z03,2
802,1997,139,1400,82,1164,81,N,0,W10,W15,2
803,1997,139,1428,77,1150,58,N,0,Z02,Z07,2
804,1997,143,1246,83,1386,68,N,0,Z01,Z04,3
805,1997,143,1278,90,1155,84,N,1,Y01,Y04,3
806,1997,143,1417,74,1235,73,N,1,Y02,Y06,3
807,1997,143,1428,82,1390,77,N,1,Z02,Z06,3
808,1997,144,1112,85,1242,82,N,0,X04,X01,3
809,1997,144,1257,78,1400,63,N,0,W06,W10,3
810,1997,144,1314,63,1143,57,N,0,W01,W05,3
811,1997,144,1344,71,1151,65,N,0,X10,X14,3
812,1997,145,1246,72,1428,59,N,0,Z01,Z02,4
813,1997,145,1278,80,1417,72,N,0,Y01,Y02,4
814,1997,146,1112,96,1344,92,N,1,X04,X10,4
815,1997,146,1314,97,1257,74,N,0,W01,W06,4
816,1997,152,1112,66,1314,58,N,0,X04,W01,5
817,1997,152,1246,78,1278,69,N,0,Z01,Y01,5
818,1997,154,1112,84,1246,79,N,1,X04,Z01,6
819,1998,136,1112,99,1311,60,N,0,X01,X16,1
820,1998,136,1116,74,1304,65,N,0,X06,X11,1
821,1998,136,1150,77,1227,62,N,0,W08,W09,1
822,1998,136,1153,65,1319,62,N,0,X02,X15,1
823,1998,136,1163,93,1192,85,N,0,W02,W15,1
824,1998,136,1228,64,1375,51,N,0,X05,X12,1
825,1998,136,1229,82,1397,81,N,1,X09,X08,1
826,1998,136,1231,94,1328,87,N,1,W07,W10,1
827,1998,136,1268,82,1429,68,N,0,X04,X13,1
828,1998,136,1277,83,1185,71,N,0,W04,W13,1
829,1998,136,1314,88,1298,52,N,0,W01,W16,1
830,1998,136,1343,69,1424,57,N,0,W05,W12,1
831,1998,136,1350,62,1376,61,N,0,W14,W03,1
832,1998,136,1428,85,1362,68,N,0,X03,X14,1
833,1998,136,1449,69,1462,68,N,0,W11,W06,1
834,1998,136,1452,82,1396,52,N,0,X10,X07,1
835,1998,137,1178,66,1385,64,N,0,Y10,Y07,1
836,1998,137,1181,99,1347,63,N,0,Z01,Z16,1
837,1998,137,1199,96,1395,87,N,0,Y12,Y05,1
838,1998,137,1242,110,1341,52,N,0,Y01,Y16,1
839,1998,137,1246,82,1354,67,N,0,Z02,Z15,1
840,1998,137,1276,80,1172,61,N,0,Z03,Z14,1
841,1998,137,1307,79,1139,62,N,0,Z04,Z13,1
842,1998,137,1329,74,1203,59,N,0,Z08,Z09,1
843,1998,137,1345,95,1174,56,N,0,Y02,Y15,1
844,1998,137,1348,97,1293,74,N,0,Y08,Y09,1
845,1998,137,1387,51,1269,46,N,0,Z10,Z07,1
846,1998,137,1390,67,1158,57,N,0,Y03,Y14,1
847,1998,137,1393,63,1233,61,N,0,Z05,Z12,1
848,1998,137,1417,65,1274,62,N,0,Z06,Z11,1
849,1998,137,1434,70,1279,69,N,0,Y13,Y04,1
850,1998,137,1444,75,1155,72,N,0,Y11,Y06,1
851,1998,138,1112,82,1229,49,N,0,X01,X09,2
852,1998,138,1163,78,1231,68,N,0,W02,W07,2
853,1998,138,1268,67,1228,61,N,0,X04,X05,2
854,1998,138,1277,63,1343,56,N,0,W04,W05,2
855,1998,138,1314,93,1150,83,N,1,W01,W08,2
856,1998,138,1428,75,1116,69,N,0,X03,X06,2
857,1998,138,1449,81,1350,66,N,0,W11,W14,2
858,1998,138,1452,75,1153,74,N,0,X10,X02,2
859,1998,139,1181,79,1329,73,N,0,Z01,Z08,2
860,1998,139,1246,88,1387,61,N,0,Z02,Z10,2
861,1998,139,1345,80,1178,65,N,0,Y02,Y10,2
862,1998,139,1348,80,1242,75,N,0,Y08,Y01,2
863,1998,139,1390,83,1444,65,N,0,Y03,Y11,2
864,1998,139,1393,56,1307,46,N,0,Z05,Z04,2
865,1998,139,1417,85,1276,82,N,0,Z06,Z03,2
866,1998,139,1434,83,1199,77,N,1,Y13,Y12,2
867,1998,143,1112,87,1268,79,N,0,X01,X04,3
868,1998,143,1163,75,1449,74,N,0,W02,W11,3
869,1998,143,1314,73,1277,58,N,0,W01,W04,3
870,1998,143,1428,65,1452,62,N,0,X03,X10,3
871,1998,144,1181,80,1393,67,N,0,Z01,Z05,3
872,1998,144,1246,94,1417,68,N,0,Z02,Z06,3
873,1998,144,1348,74,1434,68,N,0,Y08,Y13,3
874,1998,144,1390,67,1345,59,N,0,Y03,Y02,3
875,1998,145,1314,75,1163,64,N,0,W01,W02,4
876,1998,145,1428,76,1112,51,N,0,X03,X01,4
877,1998,146,1246,86,1181,84,N,0,Z02,Z01,4
878,1998,146,1390,79,1348,77,N,0,Y03,Y08,4
879,1998,152,1246,86,1390,85,N,1,Z02,Y03,5
880,1998,152,1428,65,1314,59,N,0,X03,W01,5
881,1998,154,1246,78,1428,69,N,0,Z02,X03,6
882,1999,136,1116,94,1373,80,N,0,Z04,Z13,1
883,1999,136,1120,80,1457,41,N,0,Y01,Y16,1
884,1999,136,1163,91,1427,66,N,0,Z01,Z16,1
885,1999,136,1166,62,1257,58,N,0,Y10,Y07,1
886,1999,136,1178,56,1417,53,N,0,Y12,Y05,1
887,1999,136,1196,75,1335,61,N,0,Z06,Z11,1
888,1999,136,1211,75,1278,63,N,0,Z10,Z07,1
889,1999,136,1231,108,1203,88,N,0,Y06,Y11,1
890,1999,136,1234,77,1412,64,N,0,Z05,Z12,1
891,1999,136,1268,82,1434,60,N,0,Y02,Y15,1
892,1999,136,1307,61,1281,59,N,0,Z09,Z08,1
893,1999,136,1326,72,1293,58,N,0,Y04,Y13,1
894,1999,136,1329,69,1393,61,N,0,Y09,Y08,1
895,1999,136,1385,69,1359,43,N,0,Y03,Y14,1
896,1999,136,1390,69,1108,57,N,0,Z02,Z15,1
897,1999,136,1451,76,1314,74,N,0,Z14,Z03,1
898,1999,137,1150,81,1348,70,N,1,X05,X12,1
899,1999,137,1153,72,1206,48,N,0,W03,W14,1
900,1999,137,1181,99,1197,58,N,0,W01,W16,1
901,1999,137,1242,95,1191,74,N,0,X06,X11,1
902,1999,137,1246,82,1308,60,N,0,X03,X14,1
903,1999,137,1274,75,1248,54,N,0,W02,W15,1
904,1999,137,1275,59,1449,58,N,0,X10,X07,1
905,1999,137,1277,76,1291,53,N,0,X01,X16,1
906,1999,137,1279,72,1437,70,N,0,X09,X08,1
907,1999,137,1283,43,1458,32,N,0,W12,W05,1
908,1999,137,1328,61,1112,60,N,0,X13,X04,1
909,1999,137,1345,58,1400,54,N,0,W10,W07,1
910,1999,137,1396,61,1245,54,N,0,W06,W11,1
911,1999,137,1397,62,1174,52,N,0,W04,W13,1
912,1999,137,1409,62,1158,53,N,0,W09,W08,1
913,1999,137,1428,80,1117,58,N,0,X02,X15,1
914,1999,138,1120,81,1329,74,N,0,Y01,Y09,2
915,1999,138,1163,78,1307,56,N,0,Z01,Z09,2
916,1999,138,1196,82,1451,74,N,1,Z06,Z14,2
917,1999,138,1211,82,1390,74,N,0,Z10,Z02,2
918,1999,138,1234,82,1116,72,N,0,Z05,Z04,2
919,1999,138,1268,75,1166,63,N,0,Y02,Y10,2
920,1999,138,1326,75,1178,44,N,0,Y04,Y12,2
921,1999,138,1385,86,1231,61,N,0,Y03,Y06,2
922,1999,139,1181,97,1409,56,N,0,W01,W09,2
923,1999,139,1246,92,1242,88,N,1,X03,X06,2
924,1999,139,1275,66,1428,58,N,0,X10,X02,2
925,1999,139,1277,74,1279,66,N,0,X01,X09,2
926,1999,139,1283,81,1397,51,N,0,W12,W04,2
927,1999,139,1328,85,1150,72,N,0,X13,X05,2
928,1999,139,1345,73,1274,63,N,0,W10,W02,2
929,1999,139,1396,64,1153,54,N,0,W06,W03,2
930,1999,143,1163,78,1234,68,N,0,Z01,Z05,3
931,1999,143,1211,73,1196,72,N,0,Z10,Z06,3
932,1999,143,1326,72,1120,64,N,0,Y04,Y01,3
933,1999,143,1385,76,1268,62,N,0,Y03,Y02,3
934,1999,144,1181,78,1283,61,N,0,W01,W12,3
935,1999,144,1246,58,1275,43,N,0,X03,X10,3
936,1999,144,1277,54,1328,46,N,0,X01,X13,3
937,1999,144,1396,77,1345,55,N,0,W06,W10,3
938,1999,145,1163,67,1211,62,N,0,Z01,Z10,4
939,1999,145,1326,77,1385,74,N,0,Y04,Y03,4
940,1999,146,1181,85,1396,64,N,0,W01,W06,4
941,1999,146,1277,73,1246,66,N,0,X01,X03,4
942,1999,152,1163,64,1326,58,N,0,Z01,Y04,5
943,1999,152,1181,68,1277,62,N,0,W01,X01,5
944,1999,154,1163,77,1181,74,N,0,Z01,W01,6
945,2000,136,1112,71,1238,47,N,0,Z01,Z16,1
946,2000,136,1120,72,1166,69,N,0,Y07,Y10,1
947,2000,136,1211,77,1257,66,N,0,Z10,Z07,1
948,2000,136,1235,88,1148,78,N,0,Y02,Y15,1
949,2000,136,1246,85,1382,80,N,2,Y05,Y12,1
950,2000,136,1261,64,1369,61,N,0,Z04,Z13,1
951,2000,136,1268,74,1233,59,N,0,Y03,Y14,1
952,2000,136,1277,65,1434,38,N,0,Y01,Y16,1
953,2000,136,1328,74,1457,50,N,0,Z03,Z14,1
954,2000,136,1345,62,1173,61,N,0,Z06,Z11,1
955,2000,136,1385,61,1319,56,N,0,Z02,Z15,1
956,2000,136,1393,79,1359,65,N,0,Y04,Y13,1
957,2000,136,1400,77,1232,61,N,0,Z05,Z12,1
958,2000,136,1417,65,1123,57,N,0,Y06,Y11,1
959,2000,136,1428,48,1387,45,N,0,Y08,Y09,1
960,2000,136,1458,66,1201,56,N,0,Z08,Z09,1
961,2000,137,1153,64,1423,47,N,0,X02,X15,1
962,2000,137,1163,75,1429,67,N,0,X05,X12,1
963,2000,137,1181,82,1249,55,N,0,W01,W16,1
964,2000,137,1196,69,1139,68,N,1,W05,W12,1
965,2000,137,1228,68,1335,58,N,0,W04,W13,1
966,2000,137,1242,81,1177,77,N,1,W08,W09,1
967,2000,137,1274,75,1116,71,N,0,X06,X11,1
968,2000,137,1314,84,1281,70,N,0,X08,X09,1
969,2000,137,1326,87,1111,61,N,0,X03,X14,1
970,2000,137,1329,86,1220,66,N,0,W03,W14,1
971,2000,137,1337,77,1231,57,N,0,W11,W06,1
972,2000,137,1371,72,1332,71,N,1,W10,W07,1
973,2000,137,1390,84,1354,65,N,0,X01,X16,1
974,2000,137,1396,73,1248,47,N,0,W02,W15,1
975,2000,137,1397,63,1418,58,N,0,X04,X13,1
976,2000,137,1409,89,1424,62,N,0,X07,X10,1
977,2000,138,1211,82,1385,76,N,0,Z10,Z02,2
978,2000,138,1235,79,1120,60,N,0,Y02,Y07,2
979,2000,138,1261,72,1400,67,N,0,Z04,Z05,2
980,2000,138,1277,73,1428,61,N,0,Y01,Y08,2
981,2000,138,1345,66,1328,62,N,0,Z06,Z03,2
982,2000,138,1393,52,1246,50,N,0,Y04,Y05,2
983,2000,138,1417,105,1268,70,N,0,Y06,Y03,2
984,2000,138,1458,66,1112,59,N,0,Z08,Z01,2
985,2000,139,1181,69,1242,64,N,0,W01,W08,2
986,2000,139,1196,93,1228,76,N,0,W05,W04,2
987,2000,139,1274,75,1326,62,N,0,X06,X03,2
988,2000,139,1314,60,1390,53,N,0,X08,X01,2
989,2000,139,1329,75,1337,67,N,0,W03,W11,2
990,2000,139,1371,67,1396,65,N,1,W10,W02,2
991,2000,139,1397,65,1163,51,N,0,X04,X05,2
992,2000,139,1409,69,1153,61,N,0,X07,X02,2
993,2000,143,1235,80,1417,56,N,0,Y02,Y06,3
994,2000,143,1277,75,1393,58,N,0,Y01,Y04,3
995,2000,143,1345,75,1211,66,N,0,Z06,Z10,3
996,2000,143,1458,61,1261,48,N,0,Z08,Z04,3
997,2000,144,1196,87,1181,78,N,0,W05,W01,3
998,2000,144,1314,74,1397,69,N,0,X08,X04,3
999,2000,144,1329,68,1371,66,N,0,W03,W10,3
1000,2000,144,1409,80,1274,71,N,0,X07,X06,3
1001,2000,145,1277,75,1235,64,N,0,Y01,Y02,4
1002,2000,145,1458,64,1345,60,N,0,Z08,Z06,4
1003,2000,146,1196,77,1329,65,N,0,W05,W03,4
1004,2000,146,1314,59,1409,55,N,0,X08,X07,4
1005,2000,152,1196,71,1314,59,N,0,W05,X08,5
1006,2000,152,1277,53,1458,41,N,0,Y01,Z08,5
1007,2000,154,1277,89,1196,76,N,0,Y01,W05,6
1008,2001,134,1322,71,1457,67,N,0,Y16a,Y16b,0
1009,2001,136,1130,68,1381,65,N,0,W03,W14,1
1010,2001,136,1153,84,1140,59,N,0,X05,X12,1
1011,2001,136,1181,95,1284,52,N,0,W01,W16,1
1012,2001,136,1207,63,1116,61,N,0,X10,X07,1
1013,2001,136,1209,50,1458,49,N,0,X11,X06,1
1014,2001,136,1214,58,1235,57,N,0,X15,X02,1
1015,2001,136,1234,69,1166,56,N,0,W07,W10,1
1016,2001,136,1245,77,1231,73,N,0,X13,X04,1
1017,2001,136,1246,72,1221,68,N,0,W02,W15,1
1018,2001,136,1268,83,1206,80,N,0,X03,X14,1
1019,2001,136,1281,70,1208,68,N,0,W09,W08,1
1020,2001,136,1386,66,1210,62,N,0,X09,X08,1
1021,2001,136,1390,89,1422,60,N,0,X01,X16,1
1022,2001,136,1417,61,1220,48,N,0,W04,W13,1
1023,2001,136,1425,69,1329,54,N,0,W06,W11,1
1024,2001,136,1429,77,1326,68,N,1,W12,W05,1
1025,2001,137,1112,101,1183,76,N,0,Y02,Y15,1
1026,2001,137,1139,79,1448,63,N,0,Y10,Y07,1
1027,2001,137,1150,70,1397,63,N,0,Y09,Y08,1
1028,2001,137,1196,69,1443,56,N,0,Z03,Z14,1
1029,2001,137,1201,82,1143,70,N,0,Z09,Z08,1
1030,2001,137,1211,86,1438,85,N,0,Z12,Z05,1
1031,2001,137,1228,96,1322,54,N,0,Y01,Y16a,1
1032,2001,137,1232,70,1328,68,N,1,Z13,Z04,1
1033,2001,137,1242,99,1169,75,N,0,Y04,Y13,1
1034,2001,137,1277,69,1106,35,N,0,Z01,Z16,1
1035,2001,137,1279,72,1233,70,N,0,Y03,Y14,1
1036,2001,137,1314,70,1343,48,N,0,Z02,Z15,1
1037,2001,137,1323,83,1462,71,N,0,Y06,Y11,1
1038,2001,137,1336,69,1344,59,N,0,Z07,Z10,1
1039,2001,137,1393,79,1218,69,N,0,Y05,Y12,1
1040,2001,137,1396,79,1400,65,N,0,Z11,Z06,1
1041,2001,138,1153,66,1245,43,N,0,X05,X13,2
1042,2001,138,1181,94,1281,81,N,0,W01,W09,2
1043,2001,138,1207,76,1214,57,N,0,X10,X15,2
1044,2001,138,1246,92,1234,79,N,0,W02,W07,2
1045,2001,138,1268,79,1209,60,N,0,X03,X11,2
1046,2001,138,1390,90,1386,83,N,0,X01,X09,2
1047,2001,138,1417,75,1429,50,N,0,W04,W12,2
1048,2001,138,1425,74,1130,71,N,0,W06,W03,2
1049,2001,139,1112,73,1139,52,N,0,Y02,Y10,2
1050,2001,139,1211,85,1232,68,N,0,Z12,Z13,2
1051,2001,139,1228,79,1150,61,N,0,Y01,Y09,2
1052,2001,139,1242,87,1393,58,N,0,Y04,Y05,2
1053,2001,139,1277,81,1201,65,N,0,Z01,Z09,2
1054,2001,139,1279,59,1323,56,N,0,Y03,Y06,2
1055,2001,139,1336,82,1314,74,N,0,Z07,Z02,2
1056,2001,139,1396,75,1196,54,N,0,Z11,Z03,2
1057,2001,143,1181,76,1417,63,N,0,W01,W04,3
1058,2001,143,1268,76,1207,66,N,0,X03,X10,3
1059,2001,143,1390,78,1153,65,N,0,X01,X05,3
1060,2001,143,1425,80,1246,76,N,0,W06,W02,3
1061,2001,144,1112,66,1279,56,N,0,Y02,Y03,3
1062,2001,144,1228,80,1242,64,N,0,Y01,Y04,3
1063,2001,144,1277,77,1211,62,N,0,Z01,Z12,3
1064,2001,144,1396,84,1336,72,N,0,Z11,Z07,3
1065,2001,145,1181,79,1425,69,N,0,W01,W06,4
1066,2001,145,1268,87,1390,73,N,0,X03,X01,4
1067,2001,146,1112,87,1228,81,N,0,Y02,Y01,4
1068,2001,146,1277,69,1396,62,N,0,Z01,Z11,4
1069,2001,152,1112,80,1277,61,N,0,Y02,Z01,5
1070,2001,152,1181,95,1268,84,N,0,W01,X03,5
1071,2001,154,1181,82,1112,72,N,0,W01,Y02,6
1072,2002,134,1373,81,1108,77,N,0,W16b,W16a,0
1073,2002,136,1104,86,1194,78,N,0,Y02,Y15,1
1074,2002,136,1112,86,1364,81,N,0,Z03,Z14,1
1075,2002,136,1181,84,1457,37,N,0,Y01,Y16,1
1076,2002,136,1231,75,1428,56,N,0,Y05,Y12,1
1077,2002,136,1242,70,1221,59,N,0,X01,X16,1
1078,2002,136,1245,69,1329,61,N,0,Y10,Y07,1
1079,2002,136,1246,83,1434,68,N,0,W04,W13,1
1080,2002,136,1281,93,1274,80,N,0,Z12,Z05,1
1081,2002,136,1323,82,1150,63,N,0,Y08,Y09,1
1082,2002,136,1326,69,1172,64,N,0,Z04,Z13,1
1083,2002,136,1332,81,1285,62,N,0,X02,X15,1
1084,2002,136,1390,84,1443,68,N,0,X08,X09,1
1085,2002,136,1409,71,1266,69,N,0,W12,W05,1
1086,2002,136,1423,93,1425,89,N,1,Y13,Y04,1
1087,2002,136,1448,83,1337,74,N,0,X07,X10,1
1088,2002,136,1461,73,1211,66,N,0,Z11,Z06,1
1089,2002,137,1143,82,1335,75,N,0,Y06,Y11,1
1090,2002,137,1153,90,1131,52,N,0,Z01,Z16,1
1091,2002,137,1163,78,1214,67,N,0,W02,W15,1
1092,2002,137,1166,83,1196,82,N,2,X12,X05,1
1093,2002,137,1208,85,1293,68,N,0,W03,W14,1
1094,2002,137,1228,93,1361,64,N,0,X04,X13,1
1095,2002,137,1268,85,1373,70,N,0,W01,W16b,1
1096,2002,137,1280,70,1270,58,N,0,X03,X14,1
1097,2002,137,1301,69,1277,58,N,0,W07,W10,1
1098,2002,137,1328,71,1227,63,N,0,Z02,Z15,1
1099,2002,137,1338,71,1148,54,N,0,Y03,Y14,1
1100,2002,137,1356,76,1403,68,N,0,W11,W06,1
1101,2002,137,1400,70,1130,57,N,0,X06,X11,1
1102,2002,137,1417,80,1279,58,N,0,Z08,Z09,1
1103,2002,137,1458,80,1385,70,N,0,W08,W09,1
1104,2002,137,1462,70,1218,58,N,0,Z07,Z10,1
1105,2002,138,1112,68,1461,60,N,0,Z03,Z11,2
1106,2002,138,1181,84,1323,77,N,0,Y01,Y08,2
1107,2002,138,1231,76,1423,67,N,0,Y05,Y13,2
1108,2002,138,1242,86,1390,63,N,0,X01,X08,2
1109,2002,138,1245,71,1104,58,N,0,Y10,Y02,2
1110,2002,138,1246,87,1409,82,N,0,W04,W12,2
1111,2002,138,1281,83,1326,67,N,0,Z12,Z04,2
1112,2002,138,1332,92,1448,87,N,0,X02,X07,2
1113,2002,139,1163,77,1301,74,N,0,W02,W07,2
1114,2002,139,1228,72,1166,60,N,0,X04,X12,2
1115,2002,139,1268,87,1458,57,N,0,W01,W08,2
1116,2002,139,1328,78,1462,65,N,0,Z02,Z07,2
1117,2002,139,1338,63,1143,50,N,0,Y03,Y06,2
1118,2002,139,1356,77,1208,75,N,0,W11,W03,2
1119,2002,139,1400,68,1280,64,N,0,X06,X03,2
1120,2002,139,1417,105,1153,101,N,2,Z08,Z01,2
1121,2002,143,1231,74,1181,73,N,0,Y05,Y01,3
1122,2002,143,1245,78,1338,73,N,1,Y10,Y03,3
1123,2002,143,1281,82,1417,73,N,0,Z12,Z08,3
1124,2002,143,1328,88,1112,67,N,0,Z02,Z03,3
1125,2002,144,1163,71,1356,59,N,0,W02,W11,3
1126,2002,144,1242,73,1228,69,N,0,X01,X04,3
1127,2002,144,1268,78,1246,68,N,0,W01,W04,3
1128,2002,144,1332,72,1400,70,N,0,X02,X06,3
1129,2002,145,1231,81,1245,69,N,0,Y05,Y10,4
1130,2002,145,1328,81,1281,75,N,0,Z02,Z12,4
1131,2002,146,1242,104,1332,86,N,0,X01,X02,4
1132,2002,146,1268,90,1163,82,N,0,W01,W02,4
1133,2002,152,1231,73,1328,64,N,0,Y05,Z02,5
1134,2002,152,1268,97,1242,88,N,0,W01,X01,5
1135,2002,154,1268,64,1231,52,N,0,W01,Y05,6
1136,2003,134,1421,92,1411,84,N,1,X16b,X16a,0
1137,2003,136,1112,80,1436,51,N,0,Z01,Z16,1
1138,2003,136,1113,84,1272,71,N,0,Z10,Z07,1
1139,2003,136,1141,79,1166,73,N,0,Z11,Z06,1
1140,2003,136,1143,76,1301,74,N,1,W08,W09,1
1141,2003,136,1163,58,1140,53,N,0,X05,X12,1
1142,2003,136,1181,67,1161,57,N,0,Z03,Z14,1
1143,2003,136,1211,74,1153,69,N,0,Z09,Z08,1
1144,2003,136,1228,65,1443,60,N,0,Z04,Z13,1
1145,2003,136,1242,64,1429,61,N,0,Z02,Z15,1
1146,2003,136,1266,72,1221,68,N,0,Y03,Y14,1
1147,2003,136,1281,72,1356,71,N,0,Y06,Y11,1
1148,2003,136,1323,70,1454,69,N,0,Z05,Z12,1
1149,2003,136,1328,71,1354,54,N,0,W01,W16,1
1150,2003,136,1390,77,1360,69,N,0,X04,X13,1
1151,2003,136,1409,84,1173,71,N,0,Y13,Y04,1
1152,2003,136,1458,81,1451,74,N,0,Y05,Y12,1
1153,2003,137,1120,65,1386,63,N,1,W10,W07,1
1154,2003,137,1139,47,1280,46,N,0,W12,W05,1
1155,2003,137,1196,85,1358,55,N,0,X02,X15,1
1156,2003,137,1231,67,1104,62,N,0,Y07,Y10,1
1157,2003,137,1246,95,1237,64,N,0,Y01,Y16,1
1158,2003,137,1257,86,1122,64,N,0,W04,W13,1
1159,2003,137,1268,75,1423,73,N,0,X06,X11,1
1160,2003,137,1277,79,1160,64,N,0,X07,X10,1
1161,2003,137,1329,77,1335,63,N,0,W06,W11,1
1162,2003,137,1338,87,1447,61,N,0,Y02,Y15,1
1163,2003,137,1345,80,1261,56,N,0,X09,X08,1
1164,2003,137,1393,76,1264,65,N,0,W03,W14,1
1165,2003,137,1400,82,1421,61,N,0,X01,X16b,1
1166,2003,137,1428,60,1332,58,N,0,Y09,Y08,1
1167,2003,137,1448,76,1190,73,N,0,W02,W15,1
1168,2003,137,1462,71,1407,59,N,0,X03,X14,1
1169,2003,138,1112,96,1211,95,N,2,Z01,Z09,2
1170,2003,138,1163,85,1390,74,N,0,X05,X04,2
1171,2003,138,1181,86,1141,60,N,0,Z03,Z11,2
1172,2003,138,1242,108,1113,76,N,0,Z02,Z10,2
1173,2003,138,1266,101,1281,92,N,1,Y03,Y06,2
1174,2003,138,1323,68,1228,60,N,0,Z05,Z04,2
1175,2003,138,1328,74,1143,65,N,0,W01,W08,2
1176,2003,138,1458,61,1409,60,N,0,Y05,Y13,2
1177,2003,139,1120,68,1448,62,N,0,W10,W02,2
1178,2003,139,1139,79,1257,71,N,0,W12,W04,2
1179,2003,139,1246,74,1428,54,N,0,Y01,Y09,2
1180,2003,139,1268,77,1462,64,N,0,X06,X03,2
1181,2003,139,1277,68,1196,46,N,0,X07,X02,2
1182,2003,139,1338,74,1231,52,N,0,Y02,Y07,2
1183,2003,139,1393,68,1329,56,N,0,W03,W06,2
1184,2003,139,1400,77,1345,67,N,0,X01,X09,2
1185,2003,143,1112,88,1323,71,N,0,Z01,Z05,3
1186,2003,143,1242,69,1181,65,N,0,Z02,Z03,3
1187,2003,143,1246,63,1458,57,N,0,Y01,Y05,3
1188,2003,143,1266,77,1338,74,N,0,Y03,Y02,3
1189,2003,144,1277,60,1268,58,N,0,X07,X06,3
1190,2003,144,1328,65,1139,54,N,0,W01,W12,3
1191,2003,144,1393,79,1120,78,N,0,W03,W10,3
1192,2003,144,1400,82,1163,78,N,0,X01,X05,3
1193,2003,145,1242,78,1112,75,N,0,Z02,Z01,4
1194,2003,145,1266,83,1246,69,N,0,Y03,Y01,4
1195,2003,146,1393,63,1328,47,N,0,W03,W01,4
1196,2003,146,1400,85,1277,76,N,0,X01,X07,4
1197,2003,152,1242,94,1266,61,N,0,Z02,Y03,5
1198,2003,152,1393,95,1400,84,N,0,W03,X01,5
1199,2003,154,1393,81,1242,78,N,0,W03,Z02,6
1200,2004,134,1197,72,1250,57,N,0,Z16a,Z16b,0
1201,2004,136,1104,65,1356,64,N,0,X08,X09,1
1202,2004,136,1163,70,1436,53,N,0,X02,X15,1
1203,2004,136,1177,76,1173,69,N,2,X07,X10,1
1204,2004,136,1181,96,1106,61,N,0,W01,W16,1
1205,2004,136,1211,76,1434,49,N,0,Z02,Z15,1
1206,2004,136,1264,75,1196,60,N,0,Y12,Y05,1
1207,2004,136,1268,86,1431,83,N,0,X04,X13,1
1208,2004,136,1305,72,1277,66,N,0,Z10,Z07,1
1209,2004,136,1314,63,1102,52,N,0,W06,W11,1
1210,2004,136,1371,80,1112,76,N,0,W08,W09,1
1211,2004,136,1386,82,1251,63,N,0,Y01,Y16,1
1212,2004,136,1390,71,1427,45,N,0,X01,X16,1
1213,2004,136,1393,80,1140,75,N,0,X05,X12,1
1214,2004,136,1400,66,1343,49,N,0,W03,W14,1
1215,2004,136,1403,76,1150,73,N,0,Y08,Y09,1
1216,2004,136,1448,79,1433,78,N,0,Y04,Y13,1
1217,2004,137,1130,58,1428,51,N,0,Z06,Z11,1
1218,2004,137,1153,80,1190,77,N,0,W04,W13,1
1219,2004,137,1210,65,1320,60,N,0,Z03,Z14,1
1220,2004,137,1228,72,1293,53,N,0,W05,W12,1
1221,2004,137,1242,78,1227,53,N,0,Z04,Z13,1
1222,2004,137,1246,96,1197,76,N,0,Z01,Z16a,1
1223,2004,137,1272,59,1376,43,N,0,Y07,Y10,1
1224,2004,137,1280,85,1284,52,N,0,W02,W15,1
1225,2004,137,1301,61,1418,52,N,0,X03,X14,1
1226,2004,137,1329,75,1186,56,N,0,Y02,Y15,1
1227,2004,137,1334,66,1344,58,N,0,Z12,Z05,1
1228,2004,137,1338,53,1416,44,N,0,Y03,Y14,1
1229,2004,137,1412,102,1449,100,N,0,Z09,Z08,1
1230,2004,137,1435,71,1444,58,N,0,X06,X11,1
1231,2004,137,1458,76,1350,64,N,0,Y06,Y11,1
1232,2004,137,1462,80,1257,70,N,0,W07,W10,1
1233,2004,138,1104,70,1390,67,N,0,X08,X01,2
1234,2004,138,1163,72,1177,55,N,0,X02,X07,2
1235,2004,138,1181,90,1371,62,N,0,W01,W08,2
1236,2004,138,1305,91,1211,72,N,0,Z10,Z02,2
1237,2004,138,1386,70,1403,65,N,0,Y01,Y08,2
1238,2004,138,1393,72,1268,70,N,0,X05,X04,2
1239,2004,138,1400,78,1314,75,N,0,W03,W06,2
1240,2004,138,1448,84,1264,80,N,0,Y04,Y12,2
1241,2004,139,1210,57,1130,54,N,0,Z03,Z06,2
1242,2004,139,1228,92,1153,68,N,0,W05,W04,2
1243,2004,139,1242,78,1334,63,N,0,Z04,Z12,2
1244,2004,139,1329,70,1272,53,N,0,Y02,Y07,2
1245,2004,139,1338,59,1458,55,N,0,Y03,Y06,2
1246,2004,139,1412,76,1246,75,N,0,Z09,Z01,2
1247,2004,139,1435,75,1301,73,N,0,X06,X03,2
1248,2004,139,1462,89,1280,74,N,0,W07,W02,2
1249,2004,143,1104,80,1393,71,N,0,X08,X05,3
1250,2004,143,1163,73,1435,53,N,0,X02,X06,3
1251,2004,143,1329,63,1338,51,N,0,Y02,Y03,3
1252,2004,143,1386,84,1448,80,N,0,Y01,Y04,3
1253,2004,144,1181,72,1228,62,N,0,W01,W05,3
1254,2004,144,1210,72,1305,67,N,0,Z03,Z10,3
1255,2004,144,1242,100,1412,74,N,0,Z04,Z09,3
1256,2004,144,1462,79,1400,71,N,0,W07,W03,3
1257,2004,145,1163,87,1104,71,N,0,X02,X08,4
1258,2004,145,1329,64,1386,62,N,0,Y02,Y01,4
1259,2004,146,1181,66,1462,63,N,0,W01,W07,4
1260,2004,146,1210,79,1242,71,N,1,Z03,Z04,4
1261,2004,152,1163,79,1181,78,N,0,X02,W01,5
1262,2004,152,1210,67,1329,65,N,0,Z03,Y02,5
1263,2004,154,1163,82,1210,73,N,0,X02,Z03,6
1264,2005,134,1324,79,1105,69,N,0,Z16b,Z16a,0
1265,2005,136,1112,66,1429,53,N,0,X03,X14,1
1266,2005,136,1130,85,1335,65,N,0,X04,X13,1
1267,2005,136,1153,76,1234,64,N,0,Y07,Y10,1
1268,2005,136,1211,74,1457,64,N,0,W03,W14,1
1269,2005,136,1228,67,1192,55,N,0,X01,X16,1
1270,2005,136,1246,72,1184,64,N,0,Y02,Y15,1
1271,2005,136,1305,61,1400,57,N,0,X09,X08,1
1272,2005,136,1328,84,1310,67,N,0,Y03,Y14,1
1273,2005,136,1334,79,1338,71,N,0,W08,W09,1
1274,2005,136,1403,78,1417,66,N,0,W06,W11,1
1275,2005,136,1412,82,1261,68,N,0,X11,X06,1
1276,2005,136,1428,60,1431,54,N,0,Y06,Y11,1
1277,2005,136,1448,70,1151,54,N,0,W02,W15,1
1278,2005,136,1449,88,1285,77,N,0,W01,W16,1
1279,2005,136,1452,63,1166,61,N,0,W07,W10,1
1280,2005,136,1454,83,1104,73,N,0,X12,X05,1
1281,2005,137,1137,64,1242,63,N,0,Z14,Z03,1
1282,2005,137,1163,77,1416,71,N,0,Z02,Z15,1
1283,2005,137,1181,57,1175,46,N,0,Y01,Y16,1
1284,2005,137,1196,67,1325,62,N,0,Z04,Z13,1
1285,2005,137,1210,80,1203,68,N,0,W05,W12,1
1286,2005,137,1235,64,1278,53,N,0,Z09,Z08,1
1287,2005,137,1257,68,1418,62,N,0,W04,W13,1
1288,2005,137,1277,89,1330,81,N,0,Y05,Y12,1
1289,2005,137,1280,93,1390,70,N,0,Y09,Y08,1
1290,2005,137,1301,75,1150,63,N,0,Z10,Z07,1
1291,2005,137,1314,96,1324,68,N,0,Z01,Z16b,1
1292,2005,137,1329,63,1368,50,N,0,X02,X15,1
1293,2005,137,1356,65,1388,56,N,0,X07,X10,1
1294,2005,137,1436,60,1393,57,N,1,Y13,Y04,1
1295,2005,137,1437,55,1307,47,N,0,Z05,Z12,1
1296,2005,137,1458,57,1320,52,N,0,Z06,Z11,1
1297,2005,138,1112,85,1412,63,N,0,X03,X11,2
1298,2005,138,1228,71,1305,59,N,0,X01,X09,2
1299,2005,138,1246,69,1153,60,N,0,Y02,Y07,2
1300,2005,138,1403,71,1211,69,N,0,W06,W03,2
1301,2005,138,1428,67,1328,58,N,0,Y06,Y03,2
1302,2005,138,1449,97,1334,79,N,0,W01,W08,2
1303,2005,138,1452,111,1448,105,N,2,W07,W02,2
1304,2005,138,1454,83,1130,75,N,0,X12,X04,2
1305,2005,139,1181,63,1280,55,N,0,Y01,Y09,2
1306,2005,139,1257,76,1210,54,N,0,W04,W05,2
1307,2005,139,1277,72,1436,61,N,0,Y05,Y13,2
1308,2005,139,1301,65,1163,62,N,0,Z10,Z02,2
1309,2005,139,1314,92,1235,65,N,0,Z01,Z09,2
1310,2005,139,1329,85,1356,77,N,0,X02,X07,2
1311,2005,139,1437,76,1196,65,N,0,Z05,Z04,2
1312,2005,139,1458,71,1137,62,N,0,Z06,Z14,2
1313,2005,143,1112,79,1329,78,N,0,X03,X02,3
1314,2005,143,1228,77,1454,63,N,0,X01,X12,3
1315,2005,143,1257,93,1449,79,N,0,W04,W01,3
1316,2005,143,1452,65,1403,60,N,0,W07,W06,3
1317,2005,144,1246,62,1428,52,N,0,Y02,Y06,3
1318,2005,144,1277,78,1181,68,N,0,Y05,Y01,3
1319,2005,144,1314,67,1437,66,N,0,Z01,Z05,3
1320,2005,144,1458,65,1301,56,N,0,Z06,Z10,3
1321,2005,145,1228,90,1112,89,N,1,X01,X03,4
1322,2005,145,1257,93,1452,85,N,1,W04,W07,4
1323,2005,146,1277,94,1246,88,N,2,Y05,Y02,4
1324,2005,146,1314,88,1458,82,N,0,Z01,Z06,4
1325,2005,152,1228,72,1257,57,N,0,X01,W04,5
1326,2005,152,1314,87,1277,71,N,0,Z01,Y05,5
1327,2005,154,1314,75,1228,70,N,0,Z01,X01,6
1328,2006,134,1284,71,1214,49,N,0,Y16b,Y16a,0
1329,2006,136,1104,90,1266,85,N,0,X10,X07,1
1330,2006,136,1130,88,1334,76,N,2,Y04,Y13,1
1331,2006,136,1181,70,1380,54,N,0,W01,W16,1
1332,2006,136,1196,76,1375,50,N,0,Y03,Y14,1
1333,2006,136,1203,88,1423,85,N,1,W08,W09,1
1334,2006,136,1211,79,1462,75,N,0,X03,X14,1
1335,2006,136,1228,78,1102,69,N,0,Z04,Z13,1
1336,2006,136,1231,87,1361,83,N,0,X06,X11,1
1337,2006,136,1261,80,1233,64,N,0,W04,W13,1
1338,2006,136,1285,87,1305,79,N,0,Y12,Y05,1
1339,2006,136,1397,63,1457,61,N,0,Z02,Z15,1
1340,2006,136,1401,66,1393,58,N,0,W12,W05,1
1341,2006,136,1417,78,1125,44,N,0,X02,X15,1
1342,2006,136,1449,75,1429,61,N,0,Z05,Z12,1
1343,2006,136,1454,82,1328,74,N,0,Y11,Y06,1
1344,2006,136,1455,86,1371,66,N,0,Z07,Z10,1
1345,2006,137,1112,94,1458,75,N,0,Y08,Y09,1
1346,2006,137,1133,77,1242,73,N,0,X13,X04,1
1347,2006,137,1137,59,1116,55,N,0,X09,X08,1
1348,2006,137,1163,72,1107,59,N,0,Z01,Z16,1
1349,2006,137,1206,75,1277,65,N,0,Z11,Z06,1
1350,2006,137,1207,54,1320,49,N,0,Y07,Y10,1
1351,2006,137,1246,69,1412,64,N,0,Z08,Z09,1
1352,2006,137,1272,94,1331,78,N,0,X01,X16,1
1353,2006,137,1301,58,1143,52,N,0,W10,W07,1
1354,2006,137,1314,69,1293,65,N,0,Z03,Z14,1
1355,2006,137,1322,64,1234,63,N,0,W14,W03,1
1356,2006,137,1326,70,1172,62,N,0,Y02,Y15,1
1357,2006,137,1338,79,1245,64,N,0,X05,X12,1
1358,2006,137,1400,60,1335,52,N,0,W02,W15,1
1359,2006,137,1437,58,1284,45,N,0,Y01,Y16b,1
1360,2006,137,1452,64,1356,46,N,0,W06,W11,1
1361,2006,138,1130,69,1285,56,N,0,Y04,Y12,2
1362,2006,138,1181,74,1203,61,N,0,W01,W08,2
1363,2006,138,1196,82,1454,60,N,0,Y03,Y11,2
1364,2006,138,1211,90,1231,80,N,0,X03,X06,2
1365,2006,138,1261,58,1401,57,N,0,W04,W12,2
1366,2006,138,1417,62,1104,59,N,0,X02,X10,2
1367,2006,138,1449,67,1228,64,N,0,Z05,Z04,2
1368,2006,138,1455,80,1397,73,N,0,Z07,Z02,2
1369,2006,139,1133,72,1338,66,N,0,X13,X05,2
1370,2006,139,1163,87,1246,83,N,0,Z01,Z08,2
1371,2006,139,1206,65,1314,60,N,0,Z11,Z03,2
1372,2006,139,1207,70,1326,52,N,0,Y07,Y02,2
1373,2006,139,1272,72,1137,56,N,0,X01,X09,2
1374,2006,139,1400,75,1301,54,N,0,W02,W10,2
1375,2006,139,1437,82,1112,78,N,0,Y01,Y08,2
1376,2006,139,1452,67,1322,54,N,0,W06,W14,2
1377,2006,143,1261,62,1181,54,N,0,W04,W01,3
1378,2006,143,1272,80,1133,64,N,0,X01,X13,3
1379,2006,143,1400,74,1452,71,N,0,W02,W06,3
1380,2006,143,1417,73,1211,71,N,0,X02,X03,3
1381,2006,144,1163,98,1449,92,N,1,Z01,Z05,3
1382,2006,144,1196,57,1207,53,N,0,Y03,Y07,3
1383,2006,144,1206,63,1455,55,N,0,Z11,Z07,3
1384,2006,144,1437,60,1130,59,N,1,Y01,Y04,3
1385,2006,145,1261,70,1400,60,N,1,W04,W02,4
1386,2006,145,1417,50,1272,45,N,0,X02,X01,4
1387,2006,146,1196,75,1437,62,N,0,Y03,Y01,4
1388,2006,146,1206,86,1163,84,N,1,Z11,Z01,4
1389,2006,152,1196,73,1206,58,N,0,Y03,Z11,5
1390,2006,152,1417,59,1261,45,N,0,X02,W04,5
1391,2006,154,1196,73,1417,57,N,0,Y03,X02,6
1392,2007,134,1310,77,1197,69,N,0,Z16b,Z16a,0
1393,2007,136,1130,84,1403,75,N,0,W07,W10,1
1394,2007,136,1139,57,1330,46,N,0,Y05,Y12,1
1395,2007,136,1207,80,1125,55,N,0,W02,W15,1
1396,2007,136,1231,70,1211,57,N,0,Z07,Z10,1
1397,2007,136,1257,78,1390,58,N,0,X06,X11,1
1398,2007,136,1268,82,1172,70,N,0,Y04,Y13,1
1399,2007,136,1277,61,1266,49,N,0,W09,W08,1
1400,2007,136,1314,86,1184,65,N,0,W01,W16,1
1401,2007,136,1326,78,1148,57,N,0,X01,X16,1
1402,2007,136,1338,79,1460,58,N,0,Z03,Z14,1
1403,2007,136,1401,68,1335,52,N,0,X03,X14,1
1404,2007,136,1417,70,1451,42,N,0,Z02,Z15,1
1405,2007,136,1433,79,1181,77,N,0,Z11,Z06,1
1406,2007,136,1435,77,1203,44,N,0,W06,W11,1
1407,2007,136,1450,70,1331,54,N,0,W03,W14,1
1408,2007,136,1462,79,1140,77,N,0,X09,X08,1
1409,2007,137,1196,112,1238,69,N,0,Y01,Y16,1
1410,2007,137,1242,107,1310,67,N,0,Z01,Z16b,1
1411,2007,137,1246,67,1437,58,N,0,Z08,Z09,1
1412,2007,137,1272,73,1317,58,N,0,X02,X15,1
1413,2007,137,1305,77,1166,71,N,1,X07,X10,1
1414,2007,137,1332,58,1275,56,N,0,Y03,Y14,1
1415,2007,137,1345,72,1112,63,N,0,Y09,Y08,1
1416,2007,137,1356,61,1221,51,N,0,Z04,Z13,1
1417,2007,137,1397,121,1253,86,N,0,X05,X12,1
1418,2007,137,1400,79,1308,67,N,0,W04,W13,1
1419,2007,137,1424,67,1210,63,N,0,Y07,Y10,1
1420,2007,137,1425,77,1116,60,N,0,W05,W12,1
1421,2007,137,1438,84,1107,57,N,0,X04,X13,1
1422,2007,137,1439,54,1228,52,N,0,Z05,Z12,1
1423,2007,137,1457,74,1323,64,N,0,Y11,Y06,1
1424,2007,137,1458,76,1394,63,N,0,Y02,Y15,1
1425,2007,138,1139,62,1268,59,N,0,Y05,Y04,2
1426,2007,138,1207,62,1130,55,N,0,W02,W07,2
1427,2007,138,1314,81,1277,67,N,0,W01,W09,2
1428,2007,138,1326,78,1462,71,N,1,X01,X09,2
1429,2007,138,1338,84,1433,79,N,1,Z03,Z11,2
1430,2007,138,1401,72,1257,69,N,0,X03,X06,2
1431,2007,138,1417,54,1231,49,N,0,Z02,Z07,2
1432,2007,138,1435,78,1450,74,N,2,W06,W03,2
1433,2007,139,1196,74,1345,67,N,0,Y01,Y09,2
1434,2007,139,1242,88,1246,76,N,0,Z01,Z08,2
1435,2007,139,1272,78,1305,62,N,0,X02,X07,2
1436,2007,139,1332,75,1457,61,N,0,Y03,Y11,2
1437,2007,139,1356,63,1439,48,N,0,Z04,Z05,2
1438,2007,139,1397,77,1438,74,N,0,X05,X04,2
1439,2007,139,1424,74,1458,68,N,0,Y07,Y02,2
1440,2007,139,1425,87,1400,68,N,0,W05,W04,2
1441,2007,143,1242,61,1356,58,N,0,Z01,Z04,3
1442,2007,143,1272,65,1401,64,N,0,X02,X03,3
1443,2007,143,1326,85,1397,84,N,0,X01,X05,3
1444,2007,143,1417,64,1338,55,N,0,Z02,Z03,3
1445,2007,144,1196,65,1139,57,N,0,Y01,Y05,3
1446,2007,144,1207,66,1435,65,N,0,W02,W06,3
1447,2007,144,1314,74,1425,64,N,0,W01,W05,3
1448,2007,144,1332,76,1424,72,N,0,Y03,Y07,3
1449,2007,145,1326,92,1272,76,N,0,X01,X02,4
1450,2007,145,1417,68,1242,55,N,0,Z02,Z01,4
1451,2007,146,1196,85,1332,77,N,0,Y01,Y03,4
1452,2007,146,1207,96,1314,84,N,1,W02,W01,4
1453,2007,152,1196,76,1417,66,N,0,Y01,Z02,5
1454,2007,152,1326,67,1207,60,N,0,X01,W02,5
1455,2007,154,1196,84,1326,75,N,0,Y01,X01,6
1456,2008,134,1291,69,1164,60,N,0,W16b,W16a,0
1457,2008,136,1181,71,1125,70,N,0,Z02,Z15,1
1458,2008,136,1242,85,1340,61,N,0,X01,X16,1
1459,2008,136,1243,80,1425,67,N,0,X11,X06,1
1460,2008,136,1266,74,1246,66,N,0,Y06,Y11,1
1461,2008,136,1277,72,1396,61,N,0,Y05,Y12,1
1462,2008,136,1323,68,1206,50,N,0,W05,W12,1
1463,2008,136,1338,82,1331,63,N,0,Y04,Y13,1
1464,2008,136,1345,90,1124,79,N,0,Z06,Z11,1
1465,2008,136,1390,77,1165,53,N,0,Y03,Y14,1
1466,2008,136,1401,67,1140,62,N,0,Z09,Z08,1
1467,2008,136,1417,70,1290,29,N,0,Z01,Z16,1
1468,2008,136,1424,71,1245,58,N,0,X08,X09,1
1469,2008,136,1450,71,1457,40,N,0,W04,W13,1
1470,2008,136,1452,75,1112,65,N,0,Z07,Z10,1
1471,2008,136,1458,71,1168,56,N,0,X03,X14,1
1472,2008,136,1462,73,1208,61,N,0,Z03,Z14,1
1473,2008,137,1116,86,1231,72,N,0,W09,W08,1
1474,2008,137,1139,81,1375,61,N,0,W07,W10,1
1475,2008,137,1172,82,1211,76,N,0,X10,X07,1
1476,2008,137,1207,66,1420,47,N,0,X02,X15,1
1477,2008,137,1257,79,1129,61,N,0,W03,W14,1
1478,2008,137,1272,87,1426,63,N,0,Y01,Y16,1
1479,2008,137,1274,78,1388,64,N,0,Y07,Y10,1
1480,2008,137,1280,76,1332,69,N,0,Y08,Y09,1
1481,2008,137,1314,113,1291,74,N,0,W01,W16b,1
1482,2008,137,1328,72,1386,64,N,0,W06,W11,1
1483,2008,137,1360,70,1163,69,N,1,Z13,Z04,1
1484,2008,137,1373,83,1435,62,N,0,X13,X04,1
1485,2008,137,1397,72,1110,57,N,0,W02,W15,1
1486,2008,137,1400,74,1122,54,N,0,Y02,Y15,1
1487,2008,137,1437,75,1155,69,N,0,X12,X05,1
1488,2008,137,1443,101,1179,99,N,1,Z12,Z05,1
1489,2008,138,1242,75,1424,56,N,0,X01,X08,2
1490,2008,138,1277,65,1338,54,N,0,Y05,Y04,2
1491,2008,138,1390,82,1266,81,N,1,Y03,Y06,2
1492,2008,138,1417,51,1401,49,N,0,Z01,Z09,2
1493,2008,138,1450,61,1323,41,N,0,W04,W05,2
1494,2008,138,1452,73,1181,67,N,0,Z07,Z02,2
1495,2008,138,1458,72,1243,55,N,0,X03,X11,2
1496,2008,138,1462,85,1345,78,N,0,Z03,Z06,2
1497,2008,139,1172,74,1207,70,N,0,X10,X02,2
1498,2008,139,1257,78,1328,48,N,0,W03,W06,2
1499,2008,139,1272,77,1280,74,N,0,Y01,Y08,2
1500,2008,139,1314,108,1116,77,N,0,W01,W09,2
1501,2008,139,1397,76,1139,71,N,1,W02,W07,2
1502,2008,139,1400,75,1274,72,N,0,Y02,Y07,2
1503,2008,139,1437,84,1373,72,N,0,X12,X13,2
1504,2008,139,1443,72,1360,63,N,0,Z12,Z13,2
1505,2008,143,1257,79,1397,60,N,0,W03,W02,3
1506,2008,143,1314,68,1450,47,N,0,W01,W04,3
1507,2008,143,1417,88,1443,78,N,0,Z01,Z12,3
1508,2008,143,1462,79,1452,75,N,1,Z03,Z07,3
1509,2008,144,1172,73,1458,56,N,0,X10,X03,3
1510,2008,144,1242,72,1437,57,N,0,X01,X12,3
1511,2008,144,1272,92,1277,74,N,0,Y01,Y05,3
1512,2008,144,1400,82,1390,62,N,0,Y02,Y03,3
1513,2008,145,1314,83,1257,73,N,0,W01,W03,4
1514,2008,145,1417,76,1462,57,N,0,Z01,Z03,4
1515,2008,146,1242,59,1172,57,N,0,X01,X10,4
1516,2008,146,1272,85,1400,67,N,0,Y01,Y02,4
1517,2008,152,1242,84,1314,66,N,0,X01,W01,5
1518,2008,152,1272,78,1417,63,N,0,Y01,Z01,5
1519,2008,154,1242,75,1272,68,N,1,X01,Y01,6
1520,2009,134,1287,58,1106,43,N,0,Y16b,Y16a,0
1521,2009,136,1163,103,1151,47,N,0,Z01,Z16,1
1522,2009,136,1181,86,1127,62,N,0,W02,W15,1
1523,2009,136,1211,77,1103,64,N,0,X04,X13,1
1524,2009,136,1261,75,1139,71,N,0,X08,X09,1
1525,2009,136,1268,84,1143,71,N,0,Z10,Z07,1
1526,2009,136,1272,81,1169,70,N,0,Z02,Z15,1
1527,2009,136,1276,62,1155,59,N,0,X10,X07,1
1528,2009,136,1314,101,1347,58,N,0,X01,X16,1
1529,2009,136,1328,82,1288,54,N,0,X02,X15,1
1530,2009,136,1345,61,1320,56,N,0,Z05,Z12,1
1531,2009,136,1400,76,1278,62,N,0,W07,W10,1
1532,2009,136,1401,79,1140,66,N,0,Z09,Z08,1
1533,2009,136,1417,65,1433,64,N,0,W06,W11,1
1534,2009,136,1437,80,1110,67,N,0,W03,W14,1
1535,2009,136,1443,76,1228,72,N,0,X12,X05,1
1536,2009,136,1449,71,1280,58,N,0,Z04,Z13,1
1537,2009,137,1112,84,1428,71,N,0,Y12,Y05,1
1538,2009,137,1113,66,1396,57,N,0,X06,X11,1
1539,2009,137,1156,84,1448,69,N,0,Y13,Y04,1
1540,2009,137,1173,68,1452,60,N,0,Y11,Y06,1
1541,2009,137,1242,84,1295,74,N,0,Y03,Y14,1
1542,2009,137,1257,74,1287,54,N,0,Y01,Y16b,1
1543,2009,137,1266,58,1429,57,N,0,Z06,Z11,1
1544,2009,137,1277,77,1352,62,N,0,Y02,Y15,1
1545,2009,137,1281,78,1165,59,N,0,Z03,Z14,1
1546,2009,137,1329,77,1397,75,N,0,W08,W09,1
1547,2009,137,1338,72,1190,62,N,0,W01,W16,1
1548,2009,137,1373,74,1326,72,N,2,Y09,Y08,1
1549,2009,137,1393,59,1372,44,N,0,X03,X14,1
1550,2009,137,1425,72,1130,55,N,0,Y10,Y07,1
1551,2009,137,1458,61,1199,59,N,1,W12,W05,1
1552,2009,137,1462,77,1340,59,N,0,W04,W13,1
1553,2009,138,1163,92,1401,66,N,0,Z01,Z09,2
1554,2009,138,1181,74,1400,69,N,0,W02,W07,2
1555,2009,138,1211,83,1443,81,N,0,X04,X12,2
1556,2009,138,1272,89,1268,70,N,0,Z02,Z10,2
1557,2009,138,1314,84,1261,70,N,0,X01,X08,2
1558,2009,138,1328,73,1276,63,N,0,X02,X10,2
1559,2009,138,1345,76,1449,74,N,0,Z05,Z04,2
1560,2009,138,1437,89,1417,69,N,0,W03,W06,2
1561,2009,139,1112,71,1156,57,N,0,Y12,Y13,2
1562,2009,139,1242,60,1173,43,N,0,Y03,Y11,2
1563,2009,139,1257,79,1373,72,N,0,Y01,Y09,2
1564,2009,139,1277,74,1425,69,N,0,Y02,Y10,2
1565,2009,139,1281,83,1266,79,N,0,Z03,Z06,2
1566,2009,139,1338,84,1329,76,N,0,W01,W08,2
1567,2009,139,1393,78,1113,67,N,0,X03,X06,2
1568,2009,139,1462,60,1458,49,N,0,W04,W12,2
1569,2009,143,1163,72,1345,60,N,0,Z01,Z05,3
1570,2009,143,1281,102,1272,91,N,0,Z03,Z02,3
1571,2009,143,1338,60,1462,55,N,0,W01,W04,3
1572,2009,143,1437,77,1181,54,N,0,W03,W02,3
1573,2009,144,1257,103,1112,64,N,0,Y01,Y12,3
1574,2009,144,1277,67,1242,62,N,0,Y02,Y03,3
1575,2009,144,1314,98,1211,77,N,0,X01,X04,3
1576,2009,144,1328,84,1393,71,N,0,X02,X03,3
1577,2009,145,1163,82,1281,75,N,0,Z01,Z03,4
1578,2009,145,1437,78,1338,76,N,0,W03,W01,4
1579,2009,146,1277,64,1257,52,N,0,Y02,Y01,4
1580,2009,146,1314,72,1328,60,N,0,X01,X02,4
1581,2009,152,1277,82,1163,73,N,0,Y02,Z01,5
1582,2009,152,1314,83,1437,69,N,0,X01,W03,5
1583,2009,154,1314,89,1277,72,N,0,X01,Y02,6
1584,2010,134,1115,61,1457,44,N,0,X16a,X16b,0
1585,2010,136,1124,68,1358,59,N,0,X03,X14,1
1586,2010,136,1139,77,1431,59,N,0,Z05,Z12,1
1587,2010,136,1140,99,1196,92,N,2,Z07,Z10,1
1588,2010,136,1242,90,1250,74,N,0,Y01,Y16,1
1589,2010,136,1243,82,1317,62,N,0,Z02,Z15,1
1590,2010,136,1246,100,1190,71,N,0,W01,W16,1
1591,2010,136,1293,66,1435,65,N,0,Z13,Z04,1
1592,2010,136,1307,62,1285,57,N,0,W03,W14,1
1593,2010,136,1320,69,1424,66,N,0,Y09,Y08,1
1594,2010,136,1325,97,1207,83,N,0,Y14,Y03,1
1595,2010,136,1330,51,1323,50,N,0,X11,X06,1
1596,2010,136,1388,80,1350,71,N,0,X10,X07,1
1597,2010,136,1397,62,1361,59,N,0,Y06,Y11,1
1598,2010,136,1437,73,1352,70,N,1,X02,X15,1
1599,2010,136,1448,81,1400,80,N,1,W09,W08,1
1600,2010,136,1449,80,1266,78,N,0,W11,W06,1
1601,2010,137,1143,77,1257,62,N,0,X08,X09,1
1602,2010,137,1165,78,1396,65,N,0,W12,W05,1
1603,2010,137,1181,73,1115,44,N,0,X01,X16a,1
1604,2010,137,1210,64,1329,59,N,0,Y10,Y07,1
1605,2010,137,1211,67,1199,60,N,0,Z08,Z09,1
1606,2010,137,1268,89,1222,77,N,0,Y04,Y13,1
1607,2010,137,1277,70,1308,67,N,0,Y05,Y12,1
1608,2010,137,1281,86,1155,78,N,0,W10,W07,1
1609,2010,137,1326,68,1364,51,N,0,Y02,Y15,1
1610,2010,137,1338,89,1324,66,N,0,Z03,Z14,1
1611,2010,137,1345,72,1373,64,N,0,X04,X13,1
1612,2010,137,1393,79,1436,56,N,0,Z01,Z16,1
1613,2010,137,1401,69,1429,53,N,0,X05,X12,1
1614,2010,137,1452,77,1288,50,N,0,W02,W15,1
1615,2010,137,1458,53,1459,49,N,0,W04,W13,1
1616,2010,137,1462,65,1278,54,N,0,Z06,Z11,1
1617,2010,138,1124,76,1330,68,N,0,X03,X11,2
1618,2010,138,1139,54,1293,52,N,0,Z05,Z13,2
1619,2010,138,1243,84,1140,72,N,0,Z02,Z07,2
1620,2010,138,1246,90,1448,60,N,0,W01,W09,2
1621,2010,138,1320,69,1242,67,N,0,Y09,Y01,2
1622,2010,138,1388,75,1437,68,N,0,X10,X02,2
1623,2010,138,1397,83,1325,68,N,0,Y06,Y14,2
1624,2010,138,1449,82,1307,64,N,0,W11,W03,2
1625,2010,139,1165,87,1458,69,N,0,W12,W04,2
1626,2010,139,1181,68,1143,53,N,0,X01,X08,2
1627,2010,139,1277,85,1268,83,N,0,Y05,Y04,2
1628,2010,139,1326,75,1210,66,N,0,Y02,Y10,2
1629,2010,139,1345,63,1401,61,N,1,X04,X05,2
1630,2010,139,1393,87,1211,65,N,0,Z01,Z08,2
1631,2010,139,1452,68,1281,59,N,0,W02,W10,2
1632,2010,139,1462,71,1338,68,N,0,Z06,Z03,2
1633,2010,143,1139,63,1393,59,N,0,Z05,Z01,3
1634,2010,143,1243,101,1462,96,N,2,Z02,Z06,3
1635,2010,143,1246,62,1165,45,N,0,W01,W12,3
1636,2010,143,1452,69,1449,56,N,0,W02,W11,3
1637,2010,144,1124,72,1388,49,N,0,X03,X10,3
1638,2010,144,1181,70,1345,57,N,0,X01,X04,3
1639,2010,144,1277,59,1320,52,N,0,Y05,Y09,3
1640,2010,144,1397,76,1326,73,N,0,Y06,Y02,3
1641,2010,145,1139,63,1243,56,N,0,Z05,Z02,4
1642,2010,145,1452,73,1246,66,N,0,W02,W01,4
1643,2010,146,1181,78,1124,71,N,0,X01,X03,4
1644,2010,146,1277,70,1397,69,N,0,Y05,Y06,4
1645,2010,152,1139,52,1277,50,N,0,Z05,Y05,5
1646,2010,152,1181,78,1452,57,N,0,X01,W02,5
1647,2010,154,1181,61,1139,59,N,0,X01,Z05,6
1648,2011,134,1155,70,1412,52,N,0,W12a,W12b,0
1649,2011,134,1421,81,1114,77,N,1,Y16b,Y16a,0
1650,2011,135,1427,70,1106,61,N,0,W16b,W16a,0
1651,2011,135,1433,59,1425,46,N,0,Z11b,Z11a,0
1652,2011,136,1139,60,1330,58,N,0,Y08,Y09,1
1653,2011,136,1140,74,1459,66,N,0,Y03,Y14,1
1654,2011,136,1153,78,1281,63,N,0,X06,X11,1
1655,2011,136,1163,81,1137,52,N,0,X03,X14,1
1656,2011,136,1196,79,1364,51,N,0,Y02,Y15,1
1657,2011,136,1211,86,1385,71,N,0,Y11,Y06,1
1658,2011,136,1243,73,1429,68,N,0,Y05,Y12,1
1659,2011,136,1246,59,1343,57,N,0,W04,W13,1
1660,2011,136,1287,62,1257,61,N,0,Z13,Z04,1
1661,2011,136,1338,74,1421,51,N,0,Y01,Y16b,1
1662,2011,136,1350,69,1435,66,N,0,Z12,Z05,1
1663,2011,136,1361,68,1294,50,N,0,X02,X15,1
1664,2011,136,1396,66,1336,64,N,0,X07,X10,1
1665,2011,136,1417,78,1277,76,N,0,Y07,Y10,1
1666,2011,136,1452,84,1155,76,N,0,W05,W12a,1
1667,2011,136,1458,72,1125,58,N,0,Y04,Y13,1
1668,2011,137,1112,77,1272,75,N,0,X05,X12,1
1669,2011,137,1181,87,1214,45,N,0,X01,X16,1
1670,2011,137,1199,57,1401,50,N,0,Z10,Z07,1
1671,2011,137,1206,61,1437,57,N,0,W08,W09,1
1672,2011,137,1228,73,1424,62,N,0,Z09,Z08,1
1673,2011,137,1242,72,1131,53,N,0,Z01,Z16,1
1674,2011,137,1266,66,1462,55,N,0,W11,W06,1
1675,2011,137,1276,75,1397,45,N,0,X08,X09,1
1676,2011,137,1314,102,1254,87,N,0,W02,W15,1
1677,2011,137,1323,69,1103,56,N,0,Z02,Z15,1
1678,2011,137,1326,75,1427,46,N,0,W01,W16b,1
1679,2011,137,1345,65,1389,43,N,0,Z03,Z14,1
1680,2011,137,1393,77,1232,60,N,0,W03,W14,1
1681,2011,137,1400,85,1324,81,N,0,X04,X13,1
1682,2011,137,1433,74,1207,56,N,0,Z11b,Z06,1
1683,2011,137,1449,68,1208,65,N,0,W07,W10,1
1684,2011,138,1139,71,1338,70,N,0,Y08,Y01,2
1685,2011,138,1140,89,1211,67,N,0,Y03,Y11,2
1686,2011,138,1163,69,1153,58,N,0,X03,X06,2
1687,2011,138,1196,73,1417,65,N,0,Y02,Y07,2
1688,2011,138,1246,71,1452,63,N,0,W04,W05,2
1689,2011,138,1350,65,1287,48,N,0,Z12,Z13,2
1690,2011,138,1361,71,1396,64,N,2,X02,X07,2
1691,2011,138,1458,70,1243,65,N,0,Y04,Y05,2
1692,2011,139,1112,70,1400,69,N,0,X05,X04,2
1693,2011,139,1181,73,1276,71,N,0,X01,X08,2
1694,2011,139,1199,71,1323,57,N,0,Z10,Z02,2
1695,2011,139,1242,73,1228,59,N,0,Z01,Z09,2
1696,2011,139,1266,66,1393,62,N,0,W11,W03,2
1697,2011,139,1314,86,1449,83,N,0,W02,W07,2
1698,2011,139,1326,98,1206,66,N,0,W01,W08,2
1699,2011,139,1433,94,1345,76,N,0,Z11b,Z03,2
1700,2011,143,1112,93,1181,77,N,0,X05,X01,3
1701,2011,143,1139,61,1458,54,N,0,Y08,Y04,3
1702,2011,143,1163,74,1361,67,N,0,X03,X02,3
1703,2011,143,1196,83,1140,74,N,1,Y02,Y03,3
1704,2011,144,1242,77,1350,57,N,0,Z01,Z12,3
1705,2011,144,1246,62,1326,60,N,0,W04,W01,3
1706,2011,144,1314,81,1266,63,N,0,W02,W11,3
1707,2011,144,1433,72,1199,71,N,1,Z11b,Z10,3
1708,2011,145,1139,74,1196,71,N,1,Y08,Y02,4
1709,2011,145,1163,65,1112,63,N,0,X03,X05,4
1710,2011,146,1246,76,1314,69,N,0,W04,W02,4
1711,2011,146,1433,71,1242,61,N,0,Z11b,Z01,4
1712,2011,152,1139,70,1433,62,N,0,Y08,Z11b,5
1713,2011,152,1163,56,1246,55,N,0,X03,W04,5
1714,2011,154,1163,53,1139,41,N,0,X03,Y08,6
1715,2012,134,1140,78,1233,72,N,0,Z14a,Z14b,0
1716,2012,134,1443,59,1290,58,N,0,Y16b,Y16a,0
1717,2012,135,1378,65,1143,54,N,0,X12b,X12a,0
1718,2012,135,1436,71,1249,59,N,0,X16b,X16a,0
1719,2012,136,1124,68,1355,60,N,0,Y03,Y14,1
1720,2012,136,1160,68,1424,64,N,0,Y11,Y06,1
1721,2012,136,1211,77,1452,54,N,0,W07,W10,1
1722,2012,136,1231,79,1308,66,N,0,Y04,Y13,1
1723,2012,136,1235,77,1163,64,N,0,Y08,Y09,1
1724,2012,136,1243,70,1379,64,N,0,W08,W09,1
1725,2012,136,1246,81,1443,66,N,0,Y01,Y16b,1
1726,2012,136,1257,69,1172,62,N,0,Z04,Z13,1
1727,2012,136,1266,88,1140,68,N,0,Z03,Z14a,1
1728,2012,136,1293,58,1161,41,N,0,Z06,Z11,1
1729,2012,136,1307,75,1253,68,N,0,Z05,Z12,1
1730,2012,136,1326,78,1259,59,N,0,W02,W15,1
1731,2012,136,1393,72,1421,65,N,0,W01,W16,1
1732,2012,136,1433,62,1455,59,N,0,Y12,Y05,1
1733,2012,136,1435,79,1217,70,N,0,W05,W12,1
1734,2012,136,1458,73,1285,49,N,0,W04,W13,1
1735,2012,137,1153,65,1400,59,N,0,W06,W11,1
1736,2012,137,1166,58,1104,57,N,0,X08,X09,1
1737,2012,137,1196,71,1438,45,N,0,Z07,Z10,1
1738,2012,137,1199,66,1382,63,N,0,W03,W14,1
1739,2012,137,1207,74,1125,59,N,0,X03,X14,1
1740,2012,137,1242,65,1178,50,N,0,X02,X15,1
1741,2012,137,1250,75,1181,70,N,0,Y15,Y02,1
1742,2012,137,1277,89,1254,67,N,0,Z01,Z16,1
1743,2012,137,1301,79,1361,65,N,0,X11,X06,1
1744,2012,137,1313,86,1281,84,N,0,Z15,Z02,1
1745,2012,137,1314,77,1436,58,N,0,X01,X16b,1
1746,2012,137,1325,65,1276,60,N,0,X13,X04,1
1747,2012,137,1345,72,1388,69,N,0,X10,X07,1
1748,2012,137,1378,58,1396,44,N,0,X12b,X05,1
1749,2012,137,1387,61,1272,54,N,0,Z09,Z08,1
1750,2012,137,1462,67,1323,63,N,0,Y10,Y07,1
1751,2012,138,1124,80,1160,63,N,0,Y03,Y11,2
1752,2012,138,1231,63,1433,61,N,0,Y04,Y12,2
1753,2012,138,1246,87,1235,71,N,0,Y01,Y08,2
1754,2012,138,1257,59,1307,56,N,0,Z04,Z05,2
1755,2012,138,1266,62,1293,53,N,0,Z03,Z06,2
1756,2012,138,1326,73,1211,66,N,0,W02,W07,2
1757,2012,138,1393,75,1243,59,N,0,W01,W08,2
1758,2012,138,1458,60,1435,57,N,0,W04,W05,2
1759,2012,139,1153,62,1199,56,N,0,W06,W03,2
1760,2012,139,1196,84,1313,50,N,0,Z07,Z15,2
1761,2012,139,1242,63,1345,60,N,0,X02,X10,2
1762,2012,139,1277,65,1387,61,N,0,Z01,Z09,2
1763,2012,139,1301,66,1207,63,N,0,X11,X03,2
1764,2012,139,1314,87,1166,73,N,0,X01,X08,2
1765,2012,139,1325,62,1378,56,N,0,X13,X12b,2
1766,2012,139,1462,70,1250,58,N,0,Y10,Y15,2
1767,2012,143,1196,68,1266,58,N,0,Z07,Z03,3
1768,2012,143,1257,57,1277,44,N,0,Z04,Z01,3
1769,2012,143,1326,81,1153,66,N,0,W02,W06,3
1770,2012,143,1393,64,1458,63,N,0,W01,W04,3
1771,2012,144,1124,75,1462,70,N,0,Y03,Y10,3
1772,2012,144,1242,60,1301,57,N,0,X02,X11,3
1773,2012,144,1246,102,1231,90,N,0,Y01,Y04,3
1774,2012,144,1314,73,1325,65,N,1,X01,X13,3
1775,2012,145,1257,72,1196,68,N,0,Z04,Z07,4
1776,2012,145,1326,77,1393,70,N,0,W02,W01,4
1777,2012,146,1242,80,1314,67,N,0,X02,X01,4
1778,2012,146,1246,82,1124,70,N,0,Y01,Y03,4
1779,2012,152,1242,64,1326,62,N,0,X02,W02,5
1780,2012,152,1246,69,1257,61,N,0,Y01,Z04,5
1781,2012,154,1246,67,1242,59,N,0,Y01,X02,6
1782,2013,134,1299,73,1251,72,N,0,Y16b,Y16a,0
1783,2013,134,1388,67,1292,54,N,0,Y11b,Y11a,0
1784,2013,135,1241,68,1254,55,N,0,W16a,W16b,0
1785,2013,135,1247,80,1129,71,N,0,Z13b,Z13a,0
1786,2013,136,1112,81,1125,64,N,0,Z06,Z11,1
1787,2013,136,1139,68,1137,56,N,0,W06,W11,1
1788,2013,136,1143,64,1424,61,N,0,W12,W05,1
1789,2013,136,1161,84,1281,72,N,0,Y08,Y09,1
1790,2013,136,1211,64,1380,58,N,0,Z01,Z16,1
1791,2013,136,1217,68,1307,62,N,0,Z14,Z03,1
1792,2013,136,1257,79,1299,48,N,0,Y01,Y16b,1
1793,2013,136,1266,59,1172,58,N,0,W03,W14,1
1794,2013,136,1272,54,1388,52,N,0,Y06,Y11b,1
1795,2013,136,1276,71,1355,56,N,0,X04,X13,1
1796,2013,136,1277,65,1434,54,N,0,Y03,Y14,1
1797,2013,136,1332,68,1329,55,N,0,Y12,Y05,1
1798,2013,136,1387,64,1308,44,N,0,Y04,Y13,1
1799,2013,136,1393,81,1285,34,N,0,W04,W13,1
1800,2013,136,1433,88,1103,42,N,0,X05,X12,1
1801,2013,136,1455,73,1338,55,N,0,Z09,Z08,1
1802,2013,137,1166,67,1153,63,N,0,Y07,Y10,1
1803,2013,137,1181,73,1107,61,N,0,Y02,Y15,1
1804,2013,137,1195,78,1207,68,N,0,X15,X02,1
1805,2013,137,1196,79,1322,47,N,0,X03,X14,1
1806,2013,137,1228,57,1160,49,N,0,W07,W10,1
1807,2013,137,1231,83,1241,62,N,0,W01,W16a,1
1808,2013,137,1235,76,1323,58,N,0,Z10,Z07,1
1809,2013,137,1242,64,1443,57,N,0,X01,X16,1
1810,2013,137,1247,63,1243,61,N,0,Z13b,Z04,1
1811,2013,137,1274,78,1334,49,N,0,W02,W15,1
1812,2013,137,1278,83,1417,63,N,0,X11,X06,1
1813,2013,137,1279,57,1458,46,N,0,Z12,Z05,1
1814,2013,137,1314,78,1437,71,N,0,X08,X09,1
1815,2013,137,1326,95,1233,70,N,0,Z02,Z15,1
1816,2013,137,1361,70,1328,55,N,0,X07,X10,1
1817,2013,137,1396,76,1301,72,N,0,W09,W08,1
1818,2013,138,1112,74,1217,51,N,0,Z06,Z14,2
1819,2013,138,1257,82,1161,56,N,0,Y01,Y08,2
1820,2013,138,1266,74,1139,72,N,0,W03,W06,2
1821,2013,138,1276,78,1433,53,N,0,X04,X05,2
1822,2013,138,1277,70,1272,48,N,0,Y03,Y06,2
1823,2013,138,1332,74,1387,57,N,0,Y12,Y04,2
1824,2013,138,1393,66,1143,60,N,0,W04,W12,2
1825,2013,138,1455,76,1211,70,N,0,Z09,Z01,2
1826,2013,139,1181,66,1166,50,N,0,Y02,Y07,2
1827,2013,139,1195,81,1361,71,N,0,X15,X07,2
1828,2013,139,1196,78,1278,64,N,0,X03,X11,2
1829,2013,139,1231,58,1396,52,N,0,W01,W09,2
1830,2013,139,1242,70,1314,58,N,0,X01,X08,2
1831,2013,139,1247,76,1279,74,N,0,Z13b,Z12,2
1832,2013,139,1274,63,1228,59,N,0,W02,W07,2
1833,2013,139,1326,78,1235,75,N,0,Z02,Z10,2
1834,2013,143,1266,71,1274,61,N,0,W03,W02,3
1835,2013,143,1326,73,1112,70,N,0,Z02,Z06,3
1836,2013,143,1393,61,1231,50,N,0,W04,W01,3
1837,2013,143,1455,72,1247,58,N,0,Z09,Z13b,3
1838,2013,144,1181,71,1277,61,N,0,Y02,Y03,3
1839,2013,144,1196,62,1195,50,N,0,X03,X15,3
1840,2013,144,1257,77,1332,69,N,0,Y01,Y12,3
1841,2013,144,1276,87,1242,85,N,1,X04,X01,3
1842,2013,145,1393,55,1266,39,N,0,W04,W03,4
1843,2013,145,1455,70,1326,66,N,0,Z09,Z02,4
1844,2013,146,1257,85,1181,63,N,0,Y01,Y02,4
1845,2013,146,1276,79,1196,59,N,0,X04,X03,4
1846,2013,152,1257,72,1455,68,N,0,Y01,Z09,5
1847,2013,152,1276,61,1393,56,N,0,X04,W04,5
1848,2013,154,1257,82,1276,76,N,0,Y01,X04,6
1849,2014,134,1107,71,1291,64,N,0,X16a,X16b,0
1850,2014,134,1301,74,1462,59,N,0,Y12a,Y12b,0
1851,2014,135,1142,81,1411,69,N,0,Y16a,Y16b,0
1852,2014,135,1397,78,1234,65,N,1,Y11b,Y11a,0
1853,2014,136,1163,89,1386,81,N,1,W07,W10,1
1854,2014,136,1173,60,1326,59,N,0,X11,X06,1
1855,2014,136,1196,67,1107,55,N,0,X01,X16a,1
1856,2014,136,1217,61,1153,57,N,0,W12,W05,1
1857,2014,136,1257,71,1264,64,N,0,Y04,Y13,1
1858,2014,136,1276,57,1459,40,N,0,Y02,Y15,1
1859,2014,136,1277,93,1174,78,N,0,W04,W13,1
1860,2014,136,1295,80,1328,75,N,1,Z12,Z05,1
1861,2014,136,1332,87,1140,68,N,0,Z07,Z10,1
1862,2014,136,1338,77,1160,48,N,0,X09,X08,1
1863,2014,136,1361,73,1308,69,N,1,Z04,Z13,1
1864,2014,136,1387,83,1301,80,N,1,Y05,Y12a,1
1865,2014,136,1393,77,1444,53,N,0,X03,X14,1
1866,2014,136,1400,87,1113,85,N,0,Y07,Y10,1
1867,2014,136,1437,73,1454,53,N,0,W02,W15,1
1868,2014,136,1458,75,1110,35,N,0,Z02,Z15,1
1869,2014,137,1112,68,1451,59,N,0,Z01,Z16,1
1870,2014,137,1124,74,1304,60,N,0,Z06,Z11,1
1871,2014,137,1166,76,1418,66,N,0,Z03,Z14,1
1872,2014,137,1211,85,1329,77,N,0,Z08,Z09,1
1873,2014,137,1235,93,1300,75,N,0,W03,W14,1
1874,2014,137,1242,80,1184,69,N,0,X02,X15,1
1875,2014,137,1246,56,1243,49,N,0,Y08,Y09,1
1876,2014,137,1272,71,1203,66,N,0,W08,W09,1
1877,2014,137,1273,78,1181,71,N,0,Y14,Y03,1
1878,2014,137,1314,79,1344,77,N,0,W06,W11,1
1879,2014,137,1372,77,1433,75,N,1,X12,X05,1
1880,2014,137,1390,58,1307,53,N,0,X10,X07,1
1881,2014,137,1397,86,1269,67,N,0,Y11b,Y06,1
1882,2014,137,1417,76,1409,59,N,0,X04,X13,1
1883,2014,137,1438,70,1157,59,N,0,W01,W16,1
1884,2014,137,1455,64,1142,37,N,0,Y01,Y16a,1
1885,2014,138,1163,77,1437,65,N,0,W07,W02,2
1886,2014,138,1173,55,1393,53,N,0,X11,X03,2
1887,2014,138,1196,61,1338,45,N,0,X01,X09,2
1888,2014,138,1257,66,1387,51,N,0,Y04,Y05,2
1889,2014,138,1276,79,1400,65,N,0,Y02,Y07,2
1890,2014,138,1277,80,1217,73,N,0,W04,W12,2
1891,2014,138,1361,63,1295,44,N,0,Z04,Z12,2
1892,2014,138,1458,85,1332,77,N,0,Z02,Z07,2
1893,2014,139,1112,84,1211,61,N,0,Z01,Z08,2
1894,2014,139,1124,85,1166,55,N,0,Z06,Z03,2
1895,2014,139,1235,85,1314,83,N,0,W03,W06,2
1896,2014,139,1246,78,1455,76,N,0,Y08,Y01,2
1897,2014,139,1390,60,1242,57,N,0,X10,X02,2
1898,2014,139,1397,83,1273,63,N,0,Y11b,Y14,2
1899,2014,139,1417,77,1372,60,N,0,X04,X12,2
1900,2014,139,1438,78,1272,60,N,0,W01,W08,2
1901,2014,143,1112,70,1361,64,N,0,Z01,Z04,3
1902,2014,143,1173,82,1390,72,N,0,X11,X10,3
1903,2014,143,1196,79,1417,68,N,0,X01,X04,3
1904,2014,143,1458,69,1124,52,N,0,Z02,Z06,3
1905,2014,144,1163,81,1235,76,N,0,W07,W03,3
1906,2014,144,1246,74,1257,69,N,0,Y08,Y04,3
1907,2014,144,1276,73,1397,71,N,0,Y02,Y11b,3
1908,2014,144,1277,61,1438,59,N,0,W04,W01,3
1909,2014,145,1196,62,1173,52,N,0,X01,X11,4
1910,2014,145,1458,64,1112,63,N,1,Z02,Z01,4
1911,2014,146,1163,60,1277,54,N,0,W07,W04,4
1912,2014,146,1246,75,1276,72,N,0,Y08,Y02,4
1913,2014,152,1163,63,1196,53,N,0,W07,X01,5
1914,2014,152,1246,74,1458,73,N,0,Y08,Z02,5
1915,2014,154,1163,60,1246,54,N,0,W07,Y08,6
1916,2015,134,1214,74,1264,64,N,0,Y16a,Y16b,0
1917,2015,134,1279,94,1140,90,N,0,Z11b,Z11a,0
1918,2015,135,1173,56,1129,55,N,0,W11b,W11a,0
1919,2015,135,1352,81,1316,77,N,0,X16b,X16a,0
1920,2015,136,1112,93,1411,72,N,0,Z02,Z15,1
1921,2015,136,1116,56,1459,53,N,0,Z05,Z12,1
1922,2015,136,1139,56,1400,48,N,0,Y06,Y11,1
1923,2015,136,1153,66,1345,65,N,1,Y08,Y09,1
1924,2015,136,1207,84,1186,74,N,0,X04,X13,1
1925,2015,136,1209,57,1124,56,N,0,Z14,Z03,1
1926,2015,136,1246,79,1214,56,N,0,Y01,Y16a,1
1927,2015,136,1301,66,1261,65,N,0,W08,W09,1
1928,2015,136,1314,67,1217,65,N,0,Z04,Z13,1
1929,2015,136,1323,69,1318,65,N,0,Y03,Y14,1
1930,2015,136,1326,75,1433,72,N,1,Z10,Z07,1
1931,2015,136,1412,60,1235,59,N,0,X14,X03,1
1932,2015,136,1417,60,1374,59,N,0,X11,X06,1
1933,2015,136,1428,57,1372,50,N,0,X05,X12,1
1934,2015,136,1437,93,1248,52,N,0,W01,W16,1
1935,2015,136,1462,76,1279,57,N,0,Z06,Z11b,1
1936,2015,137,1173,66,1344,53,N,0,W11b,W06,1
1937,2015,137,1181,85,1352,56,N,0,X01,X16b,1
1938,2015,137,1211,86,1295,76,N,0,X02,X15,1
1939,2015,137,1234,83,1172,52,N,0,X07,X10,1
1940,2015,137,1242,75,1308,56,N,0,Y02,Y15,1
1941,2015,137,1257,57,1414,55,N,0,W04,W13,1
1942,2015,137,1268,65,1434,62,N,0,Y04,Y13,1
1943,2015,137,1277,70,1208,63,N,0,W07,W10,1
1944,2015,137,1320,71,1461,54,N,0,W05,W12,1
1945,2015,137,1328,69,1107,60,N,0,W03,W14,1
1946,2015,137,1332,79,1329,73,N,0,Z08,Z09,1
1947,2015,137,1361,76,1385,64,N,0,X08,X09,1
1948,2015,137,1438,79,1125,67,N,0,W02,W15,1
1949,2015,137,1452,68,1138,62,N,0,Y05,Y12,1
1950,2015,137,1455,81,1231,76,N,0,Y07,Y10,1
1951,2015,137,1458,86,1157,72,N,0,Z01,Z16,1
1952,2015,138,1112,73,1326,58,N,0,Z02,Z10,2
1953,2015,138,1246,64,1153,51,N,0,Y01,Y08,2
1954,2015,138,1301,71,1437,68,N,0,W08,W01,2
1955,2015,138,1314,87,1116,78,N,0,Z04,Z05,2
1956,2015,138,1323,67,1139,64,N,1,Y03,Y06,2
1957,2015,138,1417,92,1412,75,N,0,X11,X14,2
1958,2015,138,1428,75,1207,64,N,0,X05,X04,2
1959,2015,138,1462,75,1209,67,N,0,Z06,Z14,2
1960,2015,139,1181,68,1361,49,N,0,X01,X08,2
1961,2015,139,1211,87,1234,68,N,0,X02,X07,2
1962,2015,139,1257,66,1320,53,N,0,W04,W05,2
1963,2015,139,1277,60,1438,54,N,0,W07,W02,2
1964,2015,139,1328,72,1173,66,N,0,W03,W11b,2
1965,2015,139,1452,69,1268,59,N,0,Y05,Y04,2
1966,2015,139,1455,78,1242,65,N,0,Y07,Y02,2
1967,2015,139,1458,72,1332,65,N,0,Z01,Z08,2
1968,2015,143,1112,68,1462,60,N,0,Z02,Z06,3
1969,2015,143,1246,78,1452,39,N,0,Y01,Y05,3
1970,2015,143,1323,81,1455,70,N,0,Y03,Y07,3
1971,2015,143,1458,79,1314,72,N,0,Z01,Z04,3
1972,2015,144,1181,63,1428,57,N,0,X01,X05,3
1973,2015,144,1211,74,1417,62,N,0,X02,X11,3
1974,2015,144,1257,75,1301,65,N,0,W04,W08,3
1975,2015,144,1277,62,1328,58,N,0,W07,W03,3
1976,2015,145,1246,68,1323,66,N,0,Y01,Y03,4
1977,2015,145,1458,85,1112,78,N,0,Z01,Z02,4
1978,2015,146,1181,66,1211,52,N,0,X01,X02,4
1979,2015,146,1277,76,1257,70,N,1,W07,W04,4
1980,2015,152,1181,81,1277,61,N,0,X01,W07,5
1981,2015,152,1458,71,1246,64,N,0,Z01,Y01,5
1982,2015,154,1181,68,1458,63,N,0,X01,Z01,6
1983,2016,134,1195,96,1192,65,N,0,W16b,W16a,0
1984,2016,134,1455,70,1435,50,N,0,Y11b,Y11a,0
1985,2016,135,1221,59,1380,55,N,0,Z16a,Z16b,0
1986,2016,135,1276,67,1409,62,N,0,W11a,W11b,0
1987,2016,136,1114,85,1345,83,N,2,X12,X05,1
1988,2016,136,1139,71,1403,61,N,0,X09,X08,1
1989,2016,136,1163,74,1160,67,N,0,Y09,Y08,1
1990,2016,136,1181,93,1423,85,N,0,Z04,Z13,1
1991,2016,136,1211,68,1371,52,N,0,X11,X06,1
1992,2016,136,1231,99,1151,74,N,0,W05,W12,1
1993,2016,136,1235,94,1233,81,N,0,X04,X13,1
1994,2016,136,1242,105,1122,79,N,0,Y01,Y16,1
1995,2016,136,1246,85,1392,57,N,0,W04,W13,1
1996,2016,136,1274,79,1138,72,N,0,Y03,Y14,1
1997,2016,136,1314,83,1195,67,N,0,W01,W16b,1
1998,2016,136,1344,70,1425,69,N,0,W09,W08,1
1999,2016,136,1428,80,1201,69,N,0,X03,X14,1
2000,2016,136,1438,81,1214,45,N,0,X01,X16,1
2001,2016,136,1455,65,1112,55,N,0,Y11b,Y06,1
2002,2016,136,1463,79,1124,75,N,0,Z12,Z05,1
2003,2016,137,1218,77,1143,66,N,0,Y13,Y04,1
2004,2016,137,1234,72,1396,70,N,1,Y07,Y10,1
2005,2016,137,1268,79,1355,74,N,0,Y05,Y12,1
2006,2016,137,1292,90,1277,81,N,0,X15,X02,1
2007,2016,137,1320,75,1400,72,N,0,Z11,Z06,1
2008,2016,137,1323,70,1276,63,N,0,W06,W11a,1
2009,2016,137,1328,82,1167,68,N,0,Z02,Z15,1
2010,2016,137,1332,91,1221,52,N,0,Z01,Z16a,1
2011,2016,137,1372,70,1452,56,N,0,W14,W03,1
2012,2016,137,1386,78,1153,76,N,0,Z08,Z09,1
2013,2016,137,1393,70,1173,51,N,0,X10,X07,1
2014,2016,137,1401,92,1453,65,N,0,Z03,Z14,1
2015,2016,137,1433,75,1333,67,N,0,Z10,Z07,1
2016,2016,137,1437,86,1421,56,N,0,Y02,Y15,1
2017,2016,137,1458,47,1338,43,N,0,W07,W10,1
2018,2016,137,1462,71,1451,53,N,0,W02,W15,1
2019,2016,138,1181,71,1463,64,N,0,Z04,Z12,2
2020,2016,138,1211,82,1428,59,N,0,X11,X03,2
2021,2016,138,1231,73,1246,67,N,0,W05,W04,2
2022,2016,138,1235,78,1114,61,N,0,X04,X12,2
2023,2016,138,1242,73,1163,61,N,0,Y01,Y09,2
2024,2016,138,1274,65,1455,57,N,0,Y03,Y11b,2
2025,2016,138,1314,85,1344,66,N,0,W01,W09,2
2026,2016,138,1438,77,1139,69,N,0,X01,X09,2
2027,2016,139,1268,73,1218,60,N,0,Y05,Y13,2
2028,2016,139,1323,76,1372,75,N,0,W06,W14,2
2029,2016,139,1328,85,1433,81,N,0,Z02,Z10,2
2030,2016,139,1332,69,1386,64,N,0,Z01,Z08,2
2031,2016,139,1393,75,1292,50,N,0,X10,X15,2
2032,2016,139,1401,92,1320,88,N,2,Z03,Z11,2
2033,2016,139,1437,87,1234,68,N,0,Y02,Y07,2
2034,2016,139,1458,66,1462,63,N,0,W07,W02,2
2035,2016,143,1242,79,1268,63,N,0,Y01,Y05,3
2036,2016,143,1328,77,1401,63,N,0,Z02,Z03,3
2037,2016,143,1332,82,1181,68,N,0,Z01,Z04,3
2038,2016,143,1437,92,1274,69,N,0,Y02,Y03,3
2039,2016,144,1314,101,1231,86,N,0,W01,W05,3
2040,2016,144,1323,61,1458,56,N,0,W06,W07,3
2041,2016,144,1393,63,1211,60,N,0,X10,X11,3
2042,2016,144,1438,84,1235,71,N,0,X01,X04,3
2043,2016,145,1328,80,1332,68,N,0,Z02,Z01,4
2044,2016,145,1437,64,1242,59,N,0,Y02,Y01,4
2045,2016,146,1314,88,1323,74,N,0,W01,W06,4
2046,2016,146,1393,68,1438,62,N,0,X10,X01,4
2047,2016,152,1314,83,1393,66,N,0,W01,X10,5
2048,2016,152,1437,95,1328,51,N,0,Y02,Z02,5
2049,2016,154,1437,77,1314,74,N,0,Y02,W01,6
2050,2017,134,1243,95,1448,88,N,0,Z11a,Z11b,0
2051,2017,134,1291,67,1309,66,N,0,W16a,W16b,0
2052,2017,135,1413,67,1300,63,N,0,Y16b,Y16a,0
2053,2017,135,1425,75,1344,71,N,0,W11b,W11a,0
2054,2017,136,1112,100,1315,82,N,0,X02,X15,1
2055,2017,136,1139,76,1457,64,N,0,Z04,Z13,1
2056,2017,136,1196,80,1190,65,N,0,W04,W13,1
2057,2017,136,1199,86,1195,80,N,0,X03,X14,1
2058,2017,136,1211,66,1355,46,N,0,X01,X16,1
2059,2017,136,1235,84,1305,73,N,0,Y05,Y12,1
2060,2017,136,1292,81,1278,72,N,0,Z12,Z05,1
2061,2017,136,1321,68,1435,66,N,0,X08,X09,1
2062,2017,136,1323,60,1343,58,N,0,X05,X12,1
2063,2017,136,1345,80,1436,70,N,0,Y04,Y13,1
2064,2017,136,1388,85,1433,77,N,0,X07,X10,1
2065,2017,136,1437,76,1291,56,N,0,W01,W16a,1
2066,2017,136,1438,76,1423,71,N,0,W05,W12,1
2067,2017,136,1452,86,1137,80,N,0,X04,X13,1
2068,2017,136,1458,84,1439,74,N,0,W08,W09,1
2069,2017,136,1462,76,1268,65,N,0,X11,X06,1
2070,2017,137,1116,77,1371,71,N,0,Z08,Z09,1
2071,2017,137,1124,91,1308,73,N,0,W03,W14,1
2072,2017,137,1153,75,1243,61,N,0,Z06,Z11a,1
2073,2017,137,1181,87,1407,65,N,0,W02,W15,1
2074,2017,137,1242,100,1413,62,N,0,Y01,Y16b,1
2075,2017,137,1246,79,1297,70,N,0,Z02,Z15,1
2076,2017,137,1257,78,1240,63,N,0,Y02,Y15,1
2077,2017,137,1276,92,1329,91,N,0,Y07,Y10,1
2078,2017,137,1277,78,1274,58,N,0,Y09,Y08,1
2079,2017,137,1314,103,1411,64,N,0,Z01,Z16,1
2080,2017,137,1332,93,1233,77,N,0,Y03,Y14,1
2081,2017,137,1348,84,1166,72,N,0,Y11,Y06,1
2082,2017,137,1376,93,1266,73,N,0,W07,W10,1
2083,2017,137,1417,97,1245,80,N,0,Z03,Z14,1
2084,2017,137,1425,66,1374,65,N,0,W11b,W06,1
2085,2017,137,1455,64,1173,58,N,0,Z10,Z07,1
2086,2017,138,1112,69,1388,60,N,0,X02,X07,2
2087,2017,138,1139,74,1292,65,N,0,Z04,Z12,2
2088,2017,138,1196,65,1438,39,N,0,W04,W05,2
2089,2017,138,1211,79,1321,73,N,0,X01,X08,2
2090,2017,138,1345,80,1235,76,N,0,Y04,Y05,2
2091,2017,138,1452,83,1323,71,N,0,X04,X05,2
2092,2017,138,1458,65,1437,62,N,0,W08,W01,2
2093,2017,138,1462,91,1199,66,N,0,X11,X03,2
2094,2017,139,1124,82,1425,78,N,0,W03,W11b,2
2095,2017,139,1242,90,1277,70,N,0,Y01,Y09,2
2096,2017,139,1246,65,1455,62,N,0,Z02,Z10,2
2097,2017,139,1276,73,1257,69,N,0,Y07,Y02,2
2098,2017,139,1314,72,1116,65,N,0,Z01,Z08,2
2099,2017,139,1332,75,1348,72,N,0,Y03,Y11,2
2100,2017,139,1376,88,1181,81,N,0,W07,W02,2
2101,2017,139,1417,79,1153,67,N,0,Z03,Z06,2
2102,2017,143,1211,61,1452,58,N,0,X01,X04,3
2103,2017,143,1242,98,1345,66,N,0,Y01,Y04,3
2104,2017,143,1332,69,1276,68,N,0,Y03,Y07,3
2105,2017,143,1462,73,1112,71,N,0,X11,X02,3
2106,2017,144,1196,84,1458,83,N,1,W04,W08,3
2107,2017,144,1246,86,1417,75,N,0,Z02,Z03,3
2108,2017,144,1314,92,1139,80,N,0,Z01,Z04,3
2109,2017,144,1376,70,1124,50,N,0,W07,W03,3
2110,2017,145,1211,83,1462,59,N,0,X01,X11,4
2111,2017,145,1332,74,1242,60,N,0,Y03,Y01,4
2112,2017,146,1314,75,1246,73,N,0,Z01,Z02,4
2113,2017,146,1376,77,1196,70,N,0,W07,W04,4
2114,2017,152,1211,77,1376,73,N,0,X01,W07,5
2115,2017,152,1314,77,1332,76,N,0,Z01,Y03,5
2116,2017,154,1314,71,1211,65,N,0,Z01,X01,6
2117,2018,134,1347,71,1254,61,N,0,W16b,W16a,0
2118,2018,134,1382,65,1417,58,N,0,W11a,W11b,0
2119,2018,135,1393,60,1113,56,N,0,X11b,X11a,0
2120,2018,135,1411,64,1300,46,N,0,Z16b,Z16a,0
2121,2018,136,1104,86,1439,83,N,0,W09,W08,1
2122,2018,136,1138,89,1112,68,N,0,Y13,Y04,1
2123,2018,136,1181,89,1233,67,N,0,X02,X15,1
2124,2018,136,1196,77,1382,62,N,0,W06,W11a,1
2125,2018,136,1211,68,1422,64,N,0,Z04,Z13,1
2126,2018,136,1222,67,1361,65,N,0,Z06,Z11,1
2127,2018,136,1242,76,1335,60,N,0,X01,X16,1
2128,2018,136,1246,78,1172,73,N,0,Y05,Y12,1
2129,2018,136,1260,64,1274,62,N,0,Y11,Y06,1
2130,2018,136,1276,61,1285,47,N,0,Z03,Z14,1
2131,2018,136,1326,81,1355,73,N,0,Z05,Z12,1
2132,2018,136,1348,83,1328,78,N,1,X07,X10,1
2133,2018,136,1371,94,1301,83,N,0,X08,X09,1
2134,2018,136,1397,73,1460,47,N,0,Y03,Y14,1
2135,2018,136,1403,70,1372,60,N,0,W03,W14,1
2136,2018,136,1437,87,1347,61,N,0,W01,W16b,1
2137,2018,137,1120,62,1158,58,N,0,X04,X13,1
2138,2018,137,1139,79,1116,62,N,0,W10,W07,1
2139,2018,137,1153,68,1209,53,N,0,Y02,Y15,1
2140,2018,137,1155,79,1308,68,N,0,X05,X12,1
2141,2018,137,1199,67,1281,54,N,0,Z09,Z08,1
2142,2018,137,1243,69,1166,59,N,0,Y09,Y08,1
2143,2018,137,1267,81,1455,75,N,0,W13,W04,1
2144,2018,137,1277,82,1137,78,N,0,X03,X14,1
2145,2018,137,1305,87,1400,83,N,1,Y07,Y10,1
2146,2018,137,1314,84,1252,66,N,0,Z02,Z15,1
2147,2018,137,1345,74,1168,48,N,0,W02,W15,1
2148,2018,137,1393,57,1395,52,N,0,X11b,X06,1
2149,2018,137,1401,73,1344,69,N,0,Z07,Z10,1
2150,2018,137,1420,74,1438,54,N,0,Y16,Y01,1
2151,2018,137,1452,85,1293,68,N,0,W05,W12,1
2152,2018,137,1462,102,1411,83,N,0,Z01,Z16b,1
2153,2018,138,1181,87,1348,62,N,0,X02,X07,2
2154,2018,138,1211,90,1326,84,N,0,Z04,Z05,2
2155,2018,138,1242,83,1371,79,N,0,X01,X08,2
2156,2018,138,1246,95,1138,75,N,0,Y05,Y13,2
2157,2018,138,1260,63,1397,62,N,0,Y11,Y03,2
2158,2018,138,1276,64,1222,63,N,0,Z03,Z06,2
2159,2018,138,1403,69,1196,66,N,0,W03,W06,2
2160,2018,138,1437,81,1104,58,N,0,W01,W09,2
2161,2018,139,1155,84,1120,53,N,0,X05,X04,2
2162,2018,139,1199,75,1462,70,N,0,Z09,Z01,2
2163,2018,139,1243,50,1420,43,N,0,Y09,Y16,2
2164,2018,139,1305,75,1153,73,N,0,Y07,Y02,2
2165,2018,139,1345,76,1139,73,N,0,W02,W10,2
2166,2018,139,1393,55,1277,53,N,0,X11b,X03,2
2167,2018,139,1401,86,1314,65,N,0,Z07,Z02,2
2168,2018,139,1452,94,1267,71,N,0,W05,W13,2
2169,2018,143,1199,75,1211,60,N,0,Z09,Z04,3
2170,2018,143,1243,61,1246,58,N,0,Y09,Y05,3
2171,2018,143,1260,69,1305,68,N,0,Y11,Y07,3
2172,2018,143,1276,99,1401,72,N,0,Z03,Z07,3
2173,2018,144,1181,69,1393,65,N,0,X02,X11b,3
2174,2018,144,1242,80,1155,76,N,0,X01,X05,3
2175,2018,144,1403,78,1345,65,N,0,W03,W02,3
2176,2018,144,1437,90,1452,78,N,0,W01,W05,3
2177,2018,145,1260,78,1243,62,N,0,Y11,Y09,4
2178,2018,145,1276,58,1199,54,N,0,Z03,Z09,4
2179,2018,146,1242,85,1181,81,N,1,X01,X02,4
2180,2018,146,1437,71,1403,59,N,0,W01,W03,4
2181,2018,152,1276,69,1260,57,N,0,Z03,Y11,5
2182,2018,152,1437,95,1242,79,N,0,W01,X01,5
2183,2018,154,1437,79,1276,62,N,0,W01,Z03,6
2184,2019,134,1125,81,1396,70,N,0,W11a,W11b,0
2185,2019,134,1192,82,1341,76,N,0,X16a,X16b,0
2186,2019,135,1113,74,1385,65,N,0,X11a,X11b,0
2187,2019,135,1295,78,1300,74,N,0,W16a,W16b,0
2188,2019,136,1120,78,1308,77,N,0,Y05,Y12,1
2189,2019,136,1124,78,1393,69,N,0,X09,X08,1
2190,2019,136,1196,70,1305,61,N,0,X10,X07,1
2191,2019,136,1199,76,1436,69,N,0,X04,X13,1
2192,2019,136,1211,87,1192,49,N,0,X01,X16a,1
2193,2019,136,1242,87,1318,53,N,0,Y04,Y13,1
2194,2019,136,1246,79,1101,44,N,0,Y02,Y15,1
2195,2019,136,1261,79,1463,74,N,0,W03,W14,1
2196,2019,136,1268,79,1125,77,N,0,W06,W11a,1
2197,2019,136,1276,74,1285,55,N,0,X02,X15,1
2198,2019,136,1277,76,1133,65,N,0,W02,W15,1
2199,2019,136,1278,86,1257,76,N,0,W10,W07,1
2200,2019,136,1293,83,1266,64,N,0,X12,X05,1
2201,2019,136,1345,61,1330,48,N,0,Z03,Z14,1
2202,2019,136,1437,61,1388,57,N,0,Z06,Z11,1
2203,2019,136,1459,84,1371,68,N,0,Y07,Y10,1
2204,2019,137,1138,91,1113,74,N,0,X06,X11a,1
2205,2019,137,1181,85,1295,62,N,0,W01,W16a,1
2206,2019,137,1222,84,1209,55,N,0,Y03,Y14,1
2207,2019,137,1234,79,1153,72,N,0,Z10,Z07,1
2208,2019,137,1251,80,1280,76,N,0,W12,W05,1
2209,2019,137,1314,88,1233,73,N,0,Y01,Y16,1
2210,2019,137,1326,62,1235,59,N,0,Y11,Y06,1
2211,2019,137,1328,95,1279,72,N,0,Z09,Z08,1
2212,2019,137,1332,72,1458,54,N,0,Z12,Z05,1
2213,2019,137,1397,77,1159,70,N,0,Z02,Z15,1
2214,2019,137,1403,72,1297,57,N,0,X03,X14,1
2215,2019,137,1414,70,1243,64,N,0,Z13,Z04,1
2216,2019,137,1416,73,1433,58,N,0,W09,W08,1
2217,2019,137,1438,71,1205,56,N,0,Z01,Z16,1
2218,2019,137,1439,66,1387,52,N,0,W04,W13,1
2219,2019,137,1449,78,1429,61,N,0,Y09,Y08,1
2220,2019,138,1120,89,1242,75,N,0,Y05,Y04,2
2221,2019,138,1199,90,1293,62,N,0,X04,X12,2
2222,2019,138,1211,83,1124,71,N,0,X01,X09,2
2223,2019,138,1246,62,1459,56,N,0,Y02,Y07,2
2224,2019,138,1261,69,1268,67,N,0,W03,W06,2
2225,2019,138,1276,64,1196,49,N,0,X02,X10,2
2226,2019,138,1277,70,1278,50,N,0,W02,W10,2
2227,2019,138,1345,87,1437,61,N,0,Z03,Z06,2
2228,2019,139,1181,77,1416,76,N,0,W01,W09,2
2229,2019,139,1222,74,1326,59,N,0,Y03,Y11,2
2230,2019,139,1314,81,1449,59,N,0,Y01,Y09,2
2231,2019,139,1332,73,1414,54,N,0,Z12,Z13,2
2232,2019,139,1397,83,1234,77,N,1,Z02,Z10,2
2233,2019,139,1403,78,1138,58,N,0,X03,X06,2
2234,2019,139,1438,63,1328,51,N,0,Z01,Z09,2
2235,2019,139,1439,67,1251,58,N,0,W04,W12,2
2236,2019,143,1211,72,1199,58,N,0,X01,X04,3
2237,2019,143,1345,99,1397,94,N,1,Z03,Z02,3
2238,2019,143,1403,63,1276,44,N,0,X03,X02,3
2239,2019,143,1438,53,1332,49,N,0,Z01,Z12,3
2240,2019,144,1120,97,1314,80,N,0,Y05,Y01,3
2241,2019,144,1181,75,1439,73,N,0,W01,W04,3
2242,2019,144,1246,62,1222,58,N,0,Y02,Y03,3
2243,2019,144,1277,80,1261,63,N,0,W02,W03,3
2244,2019,145,1403,75,1211,69,N,0,X03,X01,4
2245,2019,145,1438,80,1345,75,N,1,Z01,Z03,4
2246,2019,146,1120,77,1246,71,N,1,Y05,Y02,4
2247,2019,146,1277,68,1181,67,N,0,W02,W01,4
2248,2019,152,1403,61,1277,51,N,0,X03,W02,5
2249,2019,152,1438,63,1120,62,N,0,Z01,Y05,5
2250,2019,154,1438,85,1403,77,N,1,Z01,X03,6
